ID,Sex,Twin,BirthYear,Lifespan,LBS,LRS,MotherID,FatherID,MumAge,DadAge,MumAgeClass,DadAgeClass,MumLifespan,DadLifespan
1,Female,0,1986,9,15,7,3,10,7,2,AdultMum,AdultDad,3,8
2,Male,0,1987,0,1,0,15,1,6,7,AdultMum,AdultDad,7,4
3,Female,1,1987,9,12,6,6,8,7,4,AdultMum,AdultDad,4,4
4,Female,0,1987,0,2,0,4,3,8,6,AdultMum,AdultDad,4,4
5,Male,0,1987,1,1,1,51,4,2,5,AdultMum,AdultDad,9,4
6,Female,0,1987,0,1,0,53,17,1,1,LambMum,LambDad,2,3
7,Female,0,1987,7,9,3,30,15,4,1,AdultMum,LambDad,9,3
8,Female,0,1987,0,1,0,35,19,3,1,AdultMum,LambDad,10,2
9,Female,1,1987,0,1,0,37,3,3,6,AdultMum,AdultDad,10,4
10,Male,1,1987,0,2,0,37,18,3,1,AdultMum,LambDad,10,3
11,Male,1,1987,0,1,0,26,10,4,3,AdultMum,AdultDad,7,8
12,Female,0,1987,3,7,1,25,10,4,3,AdultMum,AdultDad,8,8
13,Male,0,1987,0,0,0,49,11,2,2,AdultMum,AdultDad,10,4
14,Male,0,1987,0,1,0,31,12,4,2,AdultMum,AdultDad,4,4
15,Female,0,1987,0,1,0,54,15,1,1,LambMum,LambDad,5,3
16,Male,1,1987,0,0,0,14,9,6,3,AdultMum,AdultDad,4,4
17,Male,1,1987,0,0,0,14,2,6,7,AdultMum,AdultDad,4,4
18,Male,1,1987,2,8,5,48,3,3,6,AdultMum,AdultDad,9,4
19,Male,0,1987,0,0,0,62,13,1,2,LambMum,AdultDad,3,10
20,Male,0,1987,0,0,0,41,21,3,1,AdultMum,LambDad,12,5
21,Female,0,1987,0,1,0,29,7,4,4,AdultMum,AdultDad,10,5
22,Female,0,1987,0,0,0,8,8,7,4,AdultMum,AdultDad,3,4
23,Male,1,1987,0,1,0,9,5,7,5,AdultMum,AdultDad,4,4
24,Male,0,1987,0,0,0,1,9,9,3,AdultMum,AdultDad,4,4
25,Male,1,1987,0,0,0,6,8,7,4,AdultMum,AdultDad,4,4
26,Male,0,1987,6,9,5,34,3,4,6,AdultMum,AdultDad,13,4
27,Female,0,1987,9,9,5,23,9,4,3,AdultMum,AdultDad,12,4
28,Female,1,1988,0,0,0,47,29,4,1,AdultMum,LambDad,10,2
29,Female,0,1988,0,0,0,14,25,7,2,AdultMum,AdultDad,4,3
30,Male,0,1988,1,3,3,32,9,5,4,AdultMum,AdultDad,10,4
31,Female,0,1988,6,5,2,21,22,5,2,AdultMum,AdultDad,9,3
32,Female,0,1988,0,0,0,40,6,4,5,AdultMum,AdultDad,7,4
33,Female,0,1988,12,12,6,16,14,6,2,AdultMum,AdultDad,4,3
34,Female,0,1988,9,8,3,39,9,4,4,AdultMum,AdultDad,13,4
35,Female,0,1988,9,17,8,17,16,6,2,AdultMum,AdultDad,10,3
36,Female,0,1988,9,9,3,7,5,8,6,AdultMum,AdultDad,4,4
37,Female,0,1989,0,1,0,75,37,2,1,AdultMum,LambDad,8,1
38,Male,0,1989,1,5,3,18,5,7,7,AdultMum,AdultDad,7,4
39,Female,0,1989,0,1,0,43,39,5,1,AdultMum,LambDad,10,1
40,Male,0,1989,0,0,0,28,23,6,3,AdultMum,AdultDad,7,3
41,Male,0,1989,4,50,22,17,24,7,3,AdultMum,AdultDad,10,3
42,Female,0,1989,1,2,0,50,34,4,2,AdultMum,AdultDad,9,8
43,Male,0,1989,0,0,0,70,28,2,2,AdultMum,AdultDad,11,2
44,Male,0,1989,1,2,1,57,10,3,5,AdultMum,AdultDad,6,8
45,Male,0,1989,0,0,0,11,20,8,3,AdultMum,AdultDad,13,3
46,Male,0,1989,4,12,5,61,4,3,7,AdultMum,AdultDad,11,4
47,Male,0,1989,4,0,0,33,13,6,4,AdultMum,AdultDad,9,10
48,Female,0,1989,8,8,4,22,22,6,3,AdultMum,AdultDad,7,3
49,Female,0,1989,0,1,0,12,9,8,5,AdultMum,AdultDad,8,4
50,Female,1,1989,1,1,0,13,16,8,3,AdultMum,AdultDad,7,3
51,Female,0,1990,10,10,6,36,27,6,3,AdultMum,AdultDad,9,4
52,Female,0,1990,0,1,0,67,10,3,6,AdultMum,AdultDad,12,8
53,Female,1,1990,7,7,2,65,49,3,1,AdultMum,LambDad,8,6
54,Female,0,1990,0,1,0,54,40,4,2,AdultMum,AdultDad,5,4
55,Male,0,1990,0,1,0,78,13,2,5,AdultMum,AdultDad,14,10
56,Male,0,1990,3,1,1,83,10,2,6,AdultMum,AdultDad,11,8
57,Male,0,1990,4,0,0,86,10,1,6,LambMum,AdultDad,10,8
58,Male,0,1990,0,0,0,27,13,7,5,AdultMum,AdultDad,6,10
59,Female,1,1990,0,0,0,28,10,7,6,AdultMum,AdultDad,7,8
60,Male,0,1990,4,6,1,18,44,8,1,AdultMum,LambDad,7,6
61,Male,0,1990,0,0,0,44,10,6,6,AdultMum,AdultDad,10,8
62,Female,1,1990,9,17,3,60,31,4,3,AdultMum,AdultDad,11,8
63,Male,1,1990,0,0,0,34,30,7,3,AdultMum,AdultDad,13,8
64,Female,0,1990,0,1,0,90,33,1,3,LambMum,AdultDad,6,5
65,Female,0,1990,0,1,0,92,41,1,1,LambMum,LambDad,10,9
66,Male,0,1990,0,0,0,79,40,2,2,AdultMum,AdultDad,11,4
67,Female,0,1990,7,7,2,45,33,6,3,AdultMum,AdultDad,12,5
68,Male,0,1990,0,0,0,33,36,7,3,AdultMum,AdultDad,9,8
69,Male,0,1990,2,8,1,12,13,9,5,AdultMum,AdultDad,8,10
70,Female,0,1990,0,1,0,10,38,10,2,AdultMum,AdultDad,10,3
71,Female,1,1990,0,1,0,52,38,5,2,AdultMum,AdultDad,9,3
72,Female,0,1990,0,1,0,24,34,7,3,AdultMum,AdultDad,8,8
73,Female,0,1990,0,1,0,66,10,3,6,AdultMum,AdultDad,8,8
74,Male,0,1990,2,1,0,87,26,1,3,LambMum,AdultDad,10,3
75,Female,0,1990,12,10,0,68,35,3,3,AdultMum,AdultDad,5,7
76,Female,0,1990,5,5,1,46,50,6,1,AdultMum,LambDad,7,3
77,Female,0,1990,7,7,2,61,30,4,3,AdultMum,AdultDad,11,8
78,Female,1,1990,6,7,3,75,30,3,3,AdultMum,AdultDad,8,8
79,Female,1,1990,10,11,5,75,30,3,3,AdultMum,AdultDad,8,8
80,Female,1,1990,6,8,1,37,27,6,3,AdultMum,AdultDad,10,4
81,Female,0,1990,6,8,1,91,57,1,1,LambMum,LambDad,10,3
82,Female,1,1990,7,9,3,40,32,6,3,AdultMum,AdultDad,7,8
83,Female,0,1990,10,4,1,81,36,2,3,AdultMum,AdultDad,11,8
84,Female,0,1991,6,8,2,5,13,12,6,AdultMum,AdultDad,7,10
85,Male,0,1991,0,0,0,32,31,8,4,AdultMum,AdultDad,10,8
86,Female,1,1991,6,9,3,10,36,11,4,AdultMum,AdultDad,10,8
87,Male,0,1991,6,11,5,30,36,8,4,AdultMum,AdultDad,9,8
88,Female,1,1991,2,3,1,26,51,8,2,AdultMum,AdultDad,7,3
89,Female,0,1991,12,0,0,106,45,1,2,LambMum,AdultDad,9,2
90,Male,0,1991,2,3,2,20,33,8,4,AdultMum,AdultDad,10,5
91,Female,0,1991,9,4,0,24,36,8,4,AdultMum,AdultDad,8,8
92,Male,0,1991,2,0,0,87,13,2,6,AdultMum,AdultDad,10,10
93,Male,0,1991,2,2,1,59,31,5,4,AdultMum,AdultDad,16,8
94,Female,0,1991,0,1,0,42,13,7,6,AdultMum,AdultDad,10,10
95,Female,0,1991,3,0,0,35,46,7,2,AdultMum,AdultDad,10,3
96,Female,0,1991,6,5,2,12,13,10,6,AdultMum,AdultDad,8,10
97,Female,0,1992,10,8,2,64,31,5,5,AdultMum,AdultDad,11,8
98,Male,0,1992,1,0,0,51,66,7,2,AdultMum,AdultDad,9,5
99,Female,0,1992,5,0,0,35,32,8,5,AdultMum,AdultDad,10,8
100,Male,0,1992,1,2,0,113,44,2,3,AdultMum,AdultDad,4,6
101,Female,0,1992,8,9,3,109,13,2,7,AdultMum,AdultDad,12,10
102,Female,0,1992,0,1,0,125,44,2,3,AdultMum,AdultDad,12,6
103,Female,0,1992,5,4,0,86,60,3,3,AdultMum,AdultDad,10,3
104,Male,0,1992,1,2,2,72,54,5,3,AdultMum,AdultDad,8,3
105,Female,0,1992,5,9,2,10,65,12,2,AdultMum,AdultDad,10,4
106,Male,0,1992,0,0,0,37,72,8,2,AdultMum,AdultDad,10,2
107,Female,0,1992,8,1,0,29,53,9,3,AdultMum,AdultDad,10,8
108,Male,0,1992,1,0,0,104,43,2,3,AdultMum,AdultDad,9,3
109,Female,1,1992,5,7,0,89,67,3,2,AdultMum,AdultDad,5,5
110,Female,0,1992,11,12,5,118,78,2,2,AdultMum,AdultDad,12,5
111,Female,0,1992,0,1,1,73,40,5,4,AdultMum,AdultDad,9,4
112,Female,0,1992,5,6,3,58,33,6,5,AdultMum,AdultDad,9,5
113,Male,0,1992,1,0,0,19,44,10,3,AdultMum,AdultDad,9,6
114,Male,0,1992,1,0,0,41,44,8,3,AdultMum,AdultDad,12,6
115,Male,0,1992,2,1,0,55,75,6,2,AdultMum,AdultDad,12,5
116,Female,0,1992,4,7,1,48,77,8,2,AdultMum,AdultDad,9,7
117,Male,0,1992,5,31,7,74,76,5,2,AdultMum,AdultDad,11,2
118,Female,0,1992,0,1,0,91,31,3,5,AdultMum,AdultDad,10,8
119,Female,0,1992,5,5,1,79,32,4,5,AdultMum,AdultDad,11,8
120,Male,0,1992,0,0,0,93,57,3,3,AdultMum,AdultDad,10,3
121,Female,0,1992,8,9,4,83,46,4,3,AdultMum,AdultDad,11,3
122,Male,1,1992,0,1,0,39,58,8,3,AdultMum,AdultDad,13,9
123,Female,1,1992,1,2,0,39,58,8,3,AdultMum,AdultDad,13,9
124,Male,0,1992,0,0,0,108,44,2,3,AdultMum,AdultDad,9,6
125,Male,0,1992,5,14,8,76,59,4,3,AdultMum,AdultDad,8,3
126,Male,0,1992,3,1,1,122,90,2,1,AdultMum,LambDad,9,8
127,Female,0,1992,8,10,2,67,55,5,3,AdultMum,AdultDad,12,3
128,Female,1,1992,4,5,1,60,86,6,1,AdultMum,LambDad,11,1
129,Female,1,1992,5,5,2,81,59,4,3,AdultMum,AdultDad,11,3
130,Male,0,1992,0,0,0,25,51,9,3,AdultMum,AdultDad,8,3
131,Female,0,1992,6,7,2,56,50,6,3,AdultMum,AdultDad,10,3
132,Female,0,1992,10,11,5,78,52,4,3,AdultMum,AdultDad,14,3
133,Female,0,1992,11,12,6,2,48,13,3,AdultMum,AdultDad,10,6
134,Female,0,1992,11,12,2,80,53,4,3,AdultMum,AdultDad,11,8
135,Female,0,1993,10,9,5,99,44,3,4,AdultMum,AdultDad,4,6
136,Female,0,1993,4,4,2,131,58,2,4,AdultMum,AdultDad,4,9
137,Male,0,1993,0,0,0,95,44,4,4,AdultMum,AdultDad,10,6
138,Female,0,1993,5,5,3,135,48,2,4,AdultMum,AdultDad,11,6
139,Female,0,1993,10,12,6,30,63,10,3,AdultMum,AdultDad,9,4
140,Male,0,1993,0,2,0,104,56,3,4,AdultMum,AdultDad,9,4
141,Female,0,1993,10,7,3,144,56,2,4,AdultMum,AdultDad,11,4
142,Male,1,1993,0,0,0,63,82,6,3,AdultMum,AdultDad,11,5
143,Female,0,1993,7,10,7,136,98,2,1,AdultMum,LambDad,4,7
144,Female,0,1993,9,9,6,78,82,5,3,AdultMum,AdultDad,14,5
145,Female,0,1993,10,15,4,114,31,3,6,AdultMum,AdultDad,9,8
146,Female,0,1993,4,5,1,21,41,10,4,AdultMum,AdultDad,9,9
147,Female,1,1993,0,1,0,66,82,6,3,AdultMum,AdultDad,8,5
148,Female,0,1993,7,8,2,90,70,4,3,AdultMum,AdultDad,6,5
149,Male,0,1993,0,0,0,120,82,3,3,AdultMum,AdultDad,8,5
150,Male,0,1993,4,3,1,42,48,9,4,AdultMum,AdultDad,10,6
151,Male,1,1993,4,0,0,75,49,6,4,AdultMum,AdultDad,8,6
152,Female,0,1993,10,10,5,125,42,3,4,AdultMum,AdultDad,12,6
153,Female,0,1993,7,10,3,44,49,9,4,AdultMum,AdultDad,10,6
154,Male,0,1993,2,0,0,103,64,3,3,AdultMum,AdultDad,4,6
155,Female,0,1993,4,2,1,139,97,2,1,AdultMum,LambDad,6,6
156,Female,0,1993,0,0,0,110,48,3,4,AdultMum,AdultDad,9,6
157,Male,0,1993,4,1,0,92,99,4,1,AdultMum,LambDad,10,5
158,Female,0,1993,4,4,0,96,32,4,6,AdultMum,AdultDad,10,8
159,Female,0,1993,7,8,3,61,105,7,1,AdultMum,LambDad,11,5
160,Male,1,1993,0,0,0,37,82,9,3,AdultMum,AdultDad,10,5
161,Female,1,1993,4,3,1,45,79,9,3,AdultMum,AdultDad,12,5
162,Female,1,1993,4,4,0,45,73,9,3,AdultMum,AdultDad,12,4
163,Female,0,1993,4,6,1,111,56,3,4,AdultMum,AdultDad,7,4
164,Male,0,1993,0,0,0,158,82,1,3,LambMum,AdultDad,3,5
165,Female,0,1993,4,2,1,107,82,3,3,AdultMum,AdultDad,9,5
166,Male,0,1993,0,0,0,71,56,6,4,AdultMum,AdultDad,12,4
167,Female,1,1993,0,0,0,51,88,8,2,AdultMum,AdultDad,9,4
168,Male,0,1993,0,0,0,38,44,9,4,AdultMum,AdultDad,10,6
169,Female,0,1993,7,5,2,84,82,4,3,AdultMum,AdultDad,6,5
170,Female,1,1993,7,7,4,34,13,10,8,AdultMum,AdultDad,13,10
171,Male,0,1993,4,14,7,64,70,6,3,AdultMum,AdultDad,11,5
172,Female,0,1993,1,0,0,19,31,11,6,AdultMum,AdultDad,9,8
173,Male,0,1993,4,7,5,83,41,5,4,AdultMum,AdultDad,11,9
174,Male,0,1993,3,0,0,122,36,3,6,AdultMum,AdultDad,9,8
175,Female,0,1993,0,1,0,69,41,6,4,AdultMum,AdultDad,12,9
176,Male,0,1993,4,0,0,119,66,3,3,AdultMum,AdultDad,8,5
177,Female,0,1993,7,8,2,127,92,3,1,AdultMum,LambDad,15,3
178,Female,1,1993,4,4,0,81,44,5,4,AdultMum,AdultDad,11,6
179,Female,0,1994,0,0,0,133,106,3,2,AdultMum,AdultDad,8,7
180,Male,0,1994,0,0,0,42,74,10,4,AdultMum,AdultDad,10,7
181,Female,0,1994,3,3,0,66,71,7,4,AdultMum,AdultDad,8,5
182,Female,0,1994,0,0,0,162,53,2,5,AdultMum,AdultDad,8,8
183,Female,0,1994,3,2,0,110,89,4,3,AdultMum,AdultDad,9,4
184,Female,0,1994,1,0,0,142,49,3,5,AdultMum,AdultDad,8,6
185,Female,0,1994,9,10,7,125,70,4,4,AdultMum,AdultDad,12,5
186,Female,0,1994,3,1,0,159,75,2,4,AdultMum,AdultDad,10,5
187,Female,0,1994,5,5,2,64,68,7,4,AdultMum,AdultDad,11,5
188,Female,0,1994,0,0,0,149,74,2,4,AdultMum,AdultDad,7,7
189,Female,0,1994,6,7,3,58,47,8,5,AdultMum,AdultDad,9,6
190,Female,0,1994,6,6,1,145,48,3,5,AdultMum,AdultDad,8,6
191,Female,0,1995,7,6,3,111,94,5,3,AdultMum,AdultDad,7,3
192,Female,0,1995,2,2,0,118,66,5,5,AdultMum,AdultDad,12,5
193,Female,0,1995,8,9,2,109,98,5,3,AdultMum,AdultDad,12,7
194,Female,0,1995,8,10,3,129,74,5,5,AdultMum,AdultDad,12,7
195,Male,0,1995,0,0,0,133,13,4,10,AdultMum,AdultDad,8,10
196,Female,0,1995,0,0,0,116,13,5,10,AdultMum,AdultDad,12,10
197,Male,1,1995,5,1,0,86,62,6,5,AdultMum,AdultDad,10,9
198,Male,1,1995,8,0,0,86,62,6,5,AdultMum,AdultDad,10,9
199,Female,0,1995,9,11,4,138,41,4,6,AdultMum,AdultDad,10,9
200,Female,0,1995,5,7,4,91,41,6,6,AdultMum,AdultDad,10,9
201,Female,0,1995,5,8,1,175,32,2,8,AdultMum,AdultDad,12,8
202,Female,0,1995,8,8,4,110,53,5,6,AdultMum,AdultDad,9,8
203,Female,0,1995,5,5,2,177,31,2,8,AdultMum,AdultDad,9,8
204,Female,0,1995,0,1,0,97,97,6,3,AdultMum,AdultDad,10,6
205,Male,1,1995,2,2,2,123,47,5,6,AdultMum,AdultDad,8,6
206,Female,0,1995,2,0,0,98,70,5,5,AdultMum,AdultDad,9,5
207,Female,0,1995,8,10,5,130,94,4,3,AdultMum,AdultDad,11,3
208,Female,1,1995,8,10,5,104,32,5,8,AdultMum,AdultDad,9,8
209,Male,0,1995,2,1,0,124,42,5,6,AdultMum,AdultDad,8,6
210,Male,0,1995,1,0,0,153,44,3,6,AdultMum,AdultDad,7,6
211,Female,0,1995,10,13,5,88,109,6,3,AdultMum,AdultDad,10,10
212,Male,0,1995,0,1,0,168,82,3,5,AdultMum,AdultDad,13,5
213,Female,0,1995,12,11,4,114,120,5,2,AdultMum,AdultDad,9,8
214,Female,0,1995,5,6,2,82,88,7,4,AdultMum,AdultDad,11,4
215,Male,0,1995,2,1,0,157,84,3,4,AdultMum,AdultDad,7,4
216,Female,0,1995,0,1,0,115,71,5,5,AdultMum,AdultDad,7,5
217,Female,1,1995,10,9,4,119,109,5,3,AdultMum,AdultDad,8,10
218,Male,1,1995,0,0,0,119,75,5,5,AdultMum,AdultDad,8,5
219,Male,0,1995,3,1,0,152,70,3,5,AdultMum,AdultDad,10,5
220,Male,0,1995,2,0,0,69,96,8,3,AdultMum,AdultDad,12,5
221,Male,0,1995,2,2,0,70,41,8,6,AdultMum,AdultDad,11,9
222,Female,0,1995,2,1,0,55,31,9,8,AdultMum,AdultDad,12,8
223,Female,0,1995,8,6,2,108,109,5,3,AdultMum,AdultDad,9,10
224,Female,0,1995,5,1,0,74,74,8,5,AdultMum,AdultDad,11,7
225,Female,0,1995,10,2,0,80,81,7,5,AdultMum,AdultDad,11,5
226,Female,0,1995,8,5,1,112,118,5,2,AdultMum,AdultDad,13,6
227,Male,0,1995,5,5,2,195,47,2,6,AdultMum,AdultDad,9,6
228,Male,0,1995,2,0,0,165,70,3,5,AdultMum,AdultDad,8,5
229,Female,0,1995,8,9,5,178,113,2,2,AdultMum,AdultDad,11,6
230,Male,0,1995,5,3,2,192,74,2,5,AdultMum,AdultDad,12,7
231,Female,0,1995,8,12,6,154,44,3,6,AdultMum,AdultDad,7,6
232,Male,1,1995,2,3,0,71,81,8,5,AdultMum,AdultDad,12,5
233,Female,0,1995,5,6,1,193,66,2,5,AdultMum,AdultDad,9,5
234,Male,0,1995,2,2,2,137,119,4,2,AdultMum,AdultDad,8,6
235,Male,0,1995,7,24,8,197,61,2,5,AdultMum,AdultDad,6,7
236,Male,0,1995,0,1,1,180,41,2,6,AdultMum,AdultDad,9,9
237,Male,0,1995,3,1,1,185,66,2,5,AdultMum,AdultDad,9,5
238,Female,0,1995,0,0,0,190,66,2,5,AdultMum,AdultDad,7,5
239,Female,0,1995,5,5,2,41,101,11,3,AdultMum,AdultDad,12,7
240,Female,0,1995,10,13,4,83,47,7,6,AdultMum,AdultDad,11,6
241,Male,0,1995,2,7,1,145,100,4,3,AdultMum,AdultDad,8,7
242,Male,0,1995,0,1,0,141,98,4,3,AdultMum,AdultDad,8,7
243,Male,0,1995,0,0,0,139,44,4,6,AdultMum,AdultDad,6,6
244,Female,0,1995,8,9,5,85,74,6,5,AdultMum,AdultDad,10,7
245,Female,0,1995,12,11,4,23,118,12,2,AdultMum,AdultDad,12,6
246,Female,0,1995,5,7,1,149,75,3,5,AdultMum,AdultDad,7,5
247,Male,0,1995,2,1,1,159,44,3,6,AdultMum,AdultDad,10,6
248,Male,0,1996,1,0,0,95,74,7,6,AdultMum,AdultDad,10,7
249,Female,0,1996,0,0,0,55,99,10,4,AdultMum,AdultDad,12,5
250,Male,0,1996,1,0,0,87,41,7,7,AdultMum,AdultDad,10,9
251,Female,0,1996,0,0,0,101,102,6,4,AdultMum,AdultDad,9,5
252,Female,0,1996,5,4,2,202,96,2,4,AdultMum,AdultDad,11,5
253,Female,0,1996,1,0,0,171,91,3,5,AdultMum,AdultDad,6,8
254,Female,0,1996,0,1,0,117,41,6,7,AdultMum,AdultDad,9,9
255,Male,0,1996,1,0,0,104,107,6,4,AdultMum,AdultDad,9,7
256,Male,0,1996,1,0,0,125,61,6,6,AdultMum,AdultDad,12,7
257,Female,0,1996,7,7,3,173,108,3,4,AdultMum,AdultDad,12,7
258,Female,0,1996,13,8,3,176,85,3,5,AdultMum,AdultDad,12,8
259,Female,1,1996,0,0,0,188,125,3,2,AdultMum,AdultDad,6,5
260,Female,0,1996,5,7,2,86,93,7,4,AdultMum,AdultDad,10,7
261,Female,0,1996,8,10,2,91,41,7,7,AdultMum,AdultDad,10,9
262,Female,0,1996,7,7,4,219,77,1,6,LambMum,AdultDad,10,7
263,Male,1,1996,1,0,0,93,126,7,1,AdultMum,LambDad,10,4
264,Male,1,1996,1,1,0,177,100,3,4,AdultMum,AdultDad,9,7
265,Female,0,1996,2,2,2,196,77,3,6,AdultMum,AdultDad,9,7
266,Female,0,1996,4,4,2,121,77,6,6,AdultMum,AdultDad,11,7
267,Female,0,1996,4,6,3,179,77,3,6,AdultMum,AdultDad,12,7
268,Female,0,1996,4,3,1,178,85,3,5,AdultMum,AdultDad,11,8
269,Female,0,1996,0,0,0,77,146,8,1,AdultMum,LambDad,10,4
270,Male,0,1996,1,1,0,129,93,6,4,AdultMum,AdultDad,12,7
271,Male,0,1996,0,0,0,186,41,3,7,AdultMum,AdultDad,9,9
272,Female,0,1996,0,0,0,111,85,6,5,AdultMum,AdultDad,7,8
273,Male,1,1996,1,2,1,156,115,4,3,AdultMum,AdultDad,6,4
274,Female,0,1996,0,0,0,231,125,1,2,LambMum,AdultDad,2,5
275,Female,0,1996,1,0,0,220,107,1,4,LambMum,AdultDad,2,7
276,Male,0,1996,1,1,0,160,83,4,6,AdultMum,AdultDad,7,8
277,Female,0,1996,9,12,5,83,124,8,3,AdultMum,AdultDad,11,8
278,Female,0,1996,7,7,4,134,41,5,7,AdultMum,AdultDad,8,9
279,Female,1,1996,0,0,0,150,93,4,4,AdultMum,AdultDad,7,7
280,Male,0,1996,0,0,0,234,138,1,1,LambMum,LambDad,6,4
281,Male,0,1996,1,2,1,148,129,4,1,AdultMum,LambDad,7,4
282,Female,0,1996,1,1,0,162,135,4,1,AdultMum,LambDad,8,7
283,Male,0,1996,1,1,0,174,97,3,4,AdultMum,AdultDad,9,6
284,Female,0,1996,9,10,3,181,108,3,4,AdultMum,AdultDad,9,7
285,Female,0,1996,7,5,1,143,97,5,4,AdultMum,AdultDad,8,6
286,Female,0,1996,11,11,7,168,112,4,3,AdultMum,AdultDad,13,5
287,Female,0,1996,10,12,6,128,127,6,1,AdultMum,LambDad,12,2
288,Male,1,1996,1,1,1,64,113,9,3,AdultMum,AdultDad,11,6
289,Female,0,1996,10,9,4,137,110,5,4,AdultMum,AdultDad,8,7
290,Female,0,1996,1,1,0,147,93,4,4,AdultMum,AdultDad,10,7
291,Female,0,1996,7,6,3,140,100,5,4,AdultMum,AdultDad,7,7
292,Male,0,1996,4,12,8,63,61,9,6,AdultMum,AdultDad,11,7
293,Male,0,1996,1,0,0,92,115,7,3,AdultMum,AdultDad,10,4
294,Male,0,1996,1,0,0,187,121,3,3,AdultMum,AdultDad,6,6
295,Female,0,1996,7,8,3,157,116,4,3,AdultMum,AdultDad,7,6
296,Male,1,1996,1,0,0,70,109,9,4,AdultMum,AdultDad,11,10
297,Male,0,1997,0,0,0,102,74,7,7,AdultMum,AdultDad,13,7
298,Male,0,1997,0,0,0,171,145,4,2,AdultMum,AdultDad,6,4
299,Female,0,1997,8,11,4,133,90,6,6,AdultMum,AdultDad,8,8
300,Male,0,1997,0,0,0,219,108,2,5,AdultMum,AdultDad,10,7
301,Male,0,1997,0,0,0,86,104,8,5,AdultMum,AdultDad,10,7
302,Female,0,1997,8,7,5,78,100,9,5,AdultMum,AdultDad,14,7
303,Male,0,1997,0,0,0,155,111,5,5,AdultMum,AdultDad,13,5
304,Male,0,1997,6,7,2,104,41,7,8,AdultMum,AdultDad,9,9
305,Female,0,1997,0,0,0,204,83,3,7,AdultMum,AdultDad,8,8
306,Female,0,1997,10,9,4,218,110,2,5,AdultMum,AdultDad,10,7
307,Female,0,1997,0,1,0,87,106,8,5,AdultMum,AdultDad,10,7
308,Female,0,1997,8,12,4,148,69,5,7,AdultMum,AdultDad,7,7
309,Female,0,1997,8,9,6,177,112,4,4,AdultMum,AdultDad,9,5
310,Male,0,1997,0,0,0,168,93,5,5,AdultMum,AdultDad,13,7
311,Male,0,1997,0,0,0,182,93,4,5,AdultMum,AdultDad,8,7
312,Female,0,1997,7,9,3,144,107,6,5,AdultMum,AdultDad,11,7
313,Female,1,1997,0,0,0,97,136,8,2,AdultMum,AdultDad,10,4
314,Male,0,1997,0,0,0,194,151,4,1,AdultMum,LambDad,9,1
315,Female,0,1997,0,1,0,125,95,7,5,AdultMum,AdultDad,12,10
316,Female,0,1997,0,0,0,202,103,3,5,AdultMum,AdultDad,11,5
317,Female,0,1997,8,7,2,127,108,7,5,AdultMum,AdultDad,15,7
318,Female,1,1997,0,0,0,189,61,4,7,AdultMum,AdultDad,12,7
319,Male,0,1997,0,0,0,172,163,4,4,AdultMum,AdultDad,7,6
320,Female,0,1997,8,8,1,108,90,7,6,AdultMum,AdultDad,9,8
321,Female,0,1997,8,12,3,126,98,7,5,AdultMum,AdultDad,9,7
322,Male,0,1997,0,0,0,167,109,5,5,AdultMum,AdultDad,10,10
323,Female,0,1997,0,1,0,200,141,3,2,AdultMum,AdultDad,5,7
324,Male,1,1997,1,0,0,162,112,5,4,AdultMum,AdultDad,8,5
325,Male,0,1997,0,0,0,64,142,10,2,AdultMum,AdultDad,11,4
326,Male,0,1997,0,0,0,132,95,6,5,AdultMum,AdultDad,8,10
327,Female,0,1997,0,0,0,186,80,4,7,AdultMum,AdultDad,9,7
328,Female,0,1998,5,5,3,95,100,9,6,AdultMum,AdultDad,10,7
329,Female,0,1998,0,0,0,218,122,3,5,AdultMum,AdultDad,10,9
330,Male,0,1998,0,0,0,199,83,4,8,AdultMum,AdultDad,13,8
331,Female,0,1998,7,7,4,183,108,5,6,AdultMum,AdultDad,12,7
332,Female,0,1998,2,2,1,164,85,6,7,AdultMum,AdultDad,7,8
333,Female,0,1998,7,7,5,237,153,3,2,AdultMum,AdultDad,10,6
334,Female,0,1997,8,13,4,151,97,5,5,AdultMum,AdultDad,13,6
335,Female,0,1997,6,7,2,157,116,5,4,AdultMum,AdultDad,7,6
336,Female,0,1998,9,4,2,197,157,5,2,AdultMum,AdultDad,6,4
337,Male,0,1998,2,3,0,159,121,6,5,AdultMum,AdultDad,10,6
338,Female,0,1999,1,2,0,177,138,6,4,AdultMum,AdultDad,9,4
339,Female,0,1999,1,2,0,138,109,8,7,AdultMum,AdultDad,10,10
340,Male,0,1999,4,16,9,210,125,4,5,AdultMum,AdultDad,13,5
341,Male,0,1999,1,2,0,182,132,6,4,AdultMum,AdultDad,8,10
342,Female,0,1999,4,4,2,237,165,4,2,AdultMum,AdultDad,10,2
343,Male,0,1999,0,1,0,236,117,4,6,AdultMum,AdultDad,12,6
344,Female,0,1999,6,7,1,259,125,3,5,AdultMum,AdultDad,12,5
345,Male,0,1999,1,0,0,198,98,5,7,AdultMum,AdultDad,10,7
346,Male,1,1999,1,1,0,240,133,4,4,AdultMum,AdultDad,7,7
347,Female,0,1999,4,4,2,232,121,4,6,AdultMum,AdultDad,7,6
348,Female,0,1999,1,0,0,201,123,5,6,AdultMum,AdultDad,10,6
349,Male,0,1999,1,5,2,105,93,9,7,AdultMum,AdultDad,11,7
350,Male,0,1999,2,0,0,212,144,4,4,AdultMum,AdultDad,7,4
351,Female,0,1999,4,4,3,184,120,6,6,AdultMum,AdultDad,9,8
352,Male,0,1999,1,3,2,173,152,6,3,AdultMum,AdultDad,12,3
353,Male,0,1999,1,1,1,241,108,3,7,AdultMum,AdultDad,7,7
354,Female,0,1999,10,11,6,161,154,7,3,AdultMum,AdultDad,10,3
355,Male,0,1999,0,1,1,199,162,5,1,AdultMum,LambDad,13,1
356,Male,0,1999,1,0,0,229,132,4,4,AdultMum,AdultDad,10,10
357,Male,0,1999,1,2,2,247,143,3,4,AdultMum,AdultDad,9,4
358,Female,0,1999,0,0,0,168,93,7,7,AdultMum,AdultDad,13,7
359,Male,0,1999,1,4,2,178,108,6,7,AdultMum,AdultDad,11,7
360,Male,1,1999,1,2,0,179,156,6,3,AdultMum,AdultDad,12,9
361,Male,0,1999,1,10,4,257,163,3,6,AdultMum,AdultDad,13,6
362,Male,0,1999,1,1,0,223,108,4,7,AdultMum,AdultDad,14,7
363,Male,0,1999,1,0,0,183,147,6,4,AdultMum,AdultDad,12,6
364,Female,0,1999,4,3,1,214,106,4,7,AdultMum,AdultDad,10,7
365,Female,0,1999,6,7,3,172,109,6,7,AdultMum,AdultDad,7,10
366,Female,0,1999,1,1,0,215,160,4,2,AdultMum,AdultDad,7,5
367,Male,0,1999,1,0,0,263,150,3,3,AdultMum,AdultDad,11,6
368,Male,0,1999,6,16,8,159,148,7,4,AdultMum,AdultDad,10,7
369,Male,0,1999,1,0,0,195,117,6,6,AdultMum,AdultDad,9,6
370,Female,0,1999,9,10,1,163,140,7,4,AdultMum,AdultDad,10,7
371,Female,0,1999,8,9,4,167,109,7,7,AdultMum,AdultDad,10,10
372,Female,0,1999,1,2,0,272,149,2,3,AdultMum,AdultDad,10,6
373,Male,0,1999,1,2,1,206,101,4,7,AdultMum,AdultDad,9,7
374,Female,0,1999,2,3,1,251,98,3,7,AdultMum,AdultDad,6,7
375,Female,0,1999,1,2,0,233,147,4,4,AdultMum,AdultDad,10,6
376,Female,0,1999,5,8,1,235,114,4,6,AdultMum,AdultDad,7,6
377,Male,1,1999,4,0,0,100,132,9,4,AdultMum,AdultDad,12,10
378,Female,0,1999,1,1,0,165,128,7,4,AdultMum,AdultDad,8,4
379,Female,0,1999,4,5,1,94,117,10,6,AdultMum,AdultDad,11,6
380,Female,0,1999,8,4,3,292,121,1,6,LambMum,AdultDad,11,6
381,Female,0,1999,1,1,0,218,62,4,9,AdultMum,AdultDad,10,9
382,Female,0,1999,11,9,3,268,87,2,8,AdultMum,AdultDad,12,8
383,Male,0,1999,0,0,0,155,117,7,6,AdultMum,AdultDad,13,6
384,Female,1,1996,7,4,2,191,90,3,5,AdultMum,AdultDad,9,8
385,Female,1,2000,0,0,0,194,141,7,5,AdultMum,AdultDad,9,7
386,Female,1,2000,0,0,0,194,141,7,5,AdultMum,AdultDad,9,7
387,Female,0,2000,0,0,0,229,148,5,5,AdultMum,AdultDad,10,7
388,Male,0,2000,0,1,1,221,124,5,7,AdultMum,AdultDad,10,8
389,Male,0,2000,0,0,0,245,180,4,1,AdultMum,LambDad,7,3
390,Female,0,2000,0,1,0,199,148,6,5,AdultMum,AdultDad,13,7
391,Female,0,2000,0,1,0,203,166,6,1,AdultMum,LambDad,8,6
392,Male,0,2000,0,0,0,173,141,7,5,AdultMum,AdultDad,12,7
393,Male,1,2000,0,0,0,207,149,5,4,AdultMum,AdultDad,10,6
394,Female,0,2000,5,5,2,281,137,2,5,AdultMum,AdultDad,7,10
395,Female,1,2000,0,0,0,105,141,10,5,AdultMum,AdultDad,11,7
396,Male,1,2000,3,1,0,184,120,7,7,AdultMum,AdultDad,9,8
397,Male,0,2000,0,0,0,252,109,4,8,AdultMum,AdultDad,6,10
398,Male,1,2000,0,0,0,177,212,7,4,AdultMum,AdultDad,9,6
399,Male,1,2000,0,0,0,177,149,7,4,AdultMum,AdultDad,9,6
400,Male,0,2000,0,1,0,254,209,4,3,AdultMum,AdultDad,11,5
401,Male,0,2000,0,3,2,181,141,7,5,AdultMum,AdultDad,9,7
402,Female,0,2000,0,1,0,285,122,2,7,AdultMum,AdultDad,4,9
403,Male,0,2000,0,0,0,178,137,7,5,AdultMum,AdultDad,11,10
404,Female,0,2000,0,1,0,242,161,4,3,AdultMum,AdultDad,13,4
405,Female,0,2000,0,0,0,287,208,2,2,AdultMum,AdultDad,9,7
406,Male,0,2000,0,0,0,286,159,2,3,AdultMum,AdultDad,13,5
407,Male,0,2000,0,1,1,180,140,7,5,AdultMum,AdultDad,9,7
408,Male,0,2000,0,0,0,249,212,4,4,AdultMum,AdultDad,6,6
409,Female,0,2000,0,0,0,215,164,5,4,AdultMum,AdultDad,7,9
410,Female,0,2000,7,6,1,174,139,7,5,AdultMum,AdultDad,9,9
411,Female,0,2000,0,0,0,284,109,2,8,AdultMum,AdultDad,4,10
412,Female,0,2000,3,4,2,218,161,5,3,AdultMum,AdultDad,10,4
413,Female,0,2000,0,2,0,273,161,3,3,AdultMum,AdultDad,9,4
414,Male,1,2000,0,0,0,213,164,5,4,AdultMum,AdultDad,7,9
415,Male,0,2000,0,0,0,205,179,6,1,AdultMum,LambDad,8,3
416,Female,0,2000,10,15,2,222,156,5,4,AdultMum,AdultDad,12,9
417,Female,0,2000,8,10,4,155,140,8,5,AdultMum,AdultDad,13,7
418,Female,0,2000,0,0,0,282,209,2,3,AdultMum,AdultDad,7,5
419,Male,0,2000,0,0,0,224,192,5,5,AdultMum,AdultDad,16,7
420,Female,0,2000,0,1,0,211,169,5,1,AdultMum,LambDad,11,3
421,Male,1,2000,0,0,0,250,213,4,4,AdultMum,AdultDad,6,7
422,Male,1,2000,9,54,16,250,148,4,5,AdultMum,AdultDad,6,7
423,Female,0,2000,8,10,0,265,192,3,5,AdultMum,AdultDad,10,7
424,Male,0,2000,0,0,0,278,190,3,1,AdultMum,LambDad,10,1
425,Male,0,2000,0,0,0,176,208,7,2,AdultMum,AdultDad,12,7
426,Male,0,2000,0,1,0,290,211,3,3,AdultMum,AdultDad,10,3
427,Male,0,2000,0,0,0,266,130,3,5,AdultMum,AdultDad,10,7
428,Female,1,2000,0,0,0,212,134,5,5,AdultMum,AdultDad,7,7
429,Male,1,2000,0,0,0,212,109,5,8,AdultMum,AdultDad,7,10
430,Female,0,2000,0,1,0,246,209,4,3,AdultMum,AdultDad,10,5
431,Female,0,2000,0,0,0,257,122,4,7,AdultMum,AdultDad,13,9
432,Female,0,2000,0,0,0,185,141,7,5,AdultMum,AdultDad,9,7
433,Male,0,2000,0,0,0,255,141,4,5,AdultMum,AdultDad,9,7
434,Female,0,2000,0,1,0,151,109,8,8,AdultMum,AdultDad,13,10
435,Female,0,2000,0,0,0,210,174,5,1,AdultMum,LambDad,13,2
436,Male,0,2000,0,1,1,262,122,4,7,AdultMum,AdultDad,7,9
437,Female,0,2000,10,9,2,127,122,10,7,AdultMum,AdultDad,15,9
438,Male,0,2000,0,0,0,235,155,5,4,AdultMum,AdultDad,7,6
439,Male,0,2000,6,34,21,263,95,4,8,AdultMum,AdultDad,11,10
440,Female,0,2000,0,1,0,163,131,8,5,AdultMum,AdultDad,10,8
441,Female,1,2000,12,14,2,230,155,5,4,AdultMum,AdultDad,10,6
442,Female,0,2000,0,1,0,112,186,10,1,AdultMum,LambDad,13,3
443,Male,0,2000,0,0,0,100,213,10,4,AdultMum,AdultDad,12,7
444,Female,0,2000,7,5,1,298,204,1,1,LambMum,LambDad,6,3
445,Female,0,2000,8,8,4,206,209,5,3,AdultMum,AdultDad,9,5
446,Female,0,2000,0,0,0,301,130,1,5,LambMum,AdultDad,16,7
447,Male,0,2000,0,1,1,308,122,1,7,LambMum,AdultDad,3,9
448,Male,0,2000,0,0,0,239,132,5,5,AdultMum,AdultDad,7,10
449,Female,0,2000,0,0,0,169,122,7,7,AdultMum,AdultDad,12,9
450,Male,0,2000,0,0,0,130,205,9,1,AdultMum,LambDad,11,2
451,Female,1,2000,0,0,0,186,132,7,5,AdultMum,AdultDad,9,10
452,Female,0,2000,0,0,0,248,156,4,4,AdultMum,AdultDad,4,9
453,Male,0,2000,0,0,0,204,158,6,3,AdultMum,AdultDad,8,8
454,Female,0,2000,8,10,0,195,141,7,5,AdultMum,AdultDad,9,7
455,Female,1,2001,8,10,3,261,220,5,1,AdultMum,LambDad,9,2
456,Female,0,2001,6,7,3,266,214,4,5,AdultMum,AdultDad,10,7
457,Female,0,2001,9,8,0,233,177,6,2,AdultMum,AdultDad,10,3
458,Female,0,2001,2,4,1,253,181,5,2,AdultMum,AdultDad,11,3
459,Female,0,2001,14,0,0,169,188,8,2,AdultMum,AdultDad,12,3
460,Female,0,2000,3,1,0,256,156,4,4,AdultMum,AdultDad,10,9
461,Male,0,2000,0,0,0,270,184,3,1,AdultMum,LambDad,10,8
462,Female,0,2000,0,1,0,306,221,1,1,LambMum,LambDad,7,8
463,Male,0,1999,1,2,0,217,144,4,4,AdultMum,AdultDad,7,4
464,Male,0,2002,6,29,14,210,149,7,6,AdultMum,AdultDad,13,6
465,Male,0,2002,0,1,1,199,212,8,6,AdultMum,AdultDad,13,6
466,Male,0,2002,1,0,0,270,139,5,7,AdultMum,AdultDad,10,9
467,Female,0,2002,6,8,2,259,132,6,7,AdultMum,AdultDad,12,10
468,Female,0,2002,1,1,0,207,122,7,9,AdultMum,AdultDad,10,9
469,Female,1,2002,7,7,2,268,141,5,7,AdultMum,AdultDad,12,7
470,Male,0,2002,3,4,1,254,132,6,7,AdultMum,AdultDad,11,10
471,Male,0,2002,7,36,11,175,155,9,6,AdultMum,AdultDad,12,6
472,Male,0,2002,3,7,2,280,139,5,7,AdultMum,AdultDad,12,9
473,Male,0,2002,0,1,0,243,139,6,7,AdultMum,AdultDad,9,9
474,Male,0,2002,0,0,0,102,132,12,7,AdultMum,AdultDad,13,10
475,Female,0,2002,5,8,1,211,155,7,6,AdultMum,AdultDad,11,6
476,Male,0,2002,1,1,1,229,134,7,7,AdultMum,AdultDad,10,7
477,Female,0,2002,1,2,0,283,220,4,2,AdultMum,AdultDad,9,2
478,Male,0,2002,1,1,0,173,170,9,3,AdultMum,AdultDad,12,6
479,Male,0,2002,1,5,1,315,175,3,3,AdultMum,AdultDad,8,3
480,Male,0,2002,3,4,1,276,164,5,6,AdultMum,AdultDad,8,9
481,Male,0,2002,6,47,16,222,200,7,2,AdultMum,AdultDad,12,9
482,Female,0,2002,8,9,4,265,219,5,2,AdultMum,AdultDad,10,5
483,Male,0,2002,1,0,0,287,217,4,1,AdultMum,LambDad,9,1
484,Female,1,2002,1,2,0,224,140,7,7,AdultMum,AdultDad,16,7
485,Female,0,2002,8,7,4,304,122,3,9,AdultMum,AdultDad,6,9
486,Female,0,2002,7,7,5,263,132,6,7,AdultMum,AdultDad,11,10
487,Male,1,2002,3,6,3,236,209,7,5,AdultMum,AdultDad,12,5
488,Female,0,2002,7,6,3,286,243,4,1,AdultMum,LambDad,13,1
489,Female,1,2002,8,9,1,290,195,5,2,AdultMum,AdultDad,10,2
490,Female,1,2002,1,2,0,290,155,5,6,AdultMum,AdultDad,10,6
491,Male,0,2002,1,2,1,247,153,6,6,AdultMum,AdultDad,9,6
492,Male,0,2002,0,1,0,301,168,3,3,AdultMum,AdultDad,16,6
493,Female,0,2002,8,9,6,337,166,2,3,AdultMum,AdultDad,11,6
494,Male,0,2002,4,5,1,267,170,5,3,AdultMum,AdultDad,10,6
495,Male,0,2002,0,4,1,257,196,6,2,AdultMum,AdultDad,13,2
496,Female,0,2002,1,2,0,323,122,4,9,AdultMum,AdultDad,7,9
497,Female,0,2002,7,6,2,206,178,7,3,AdultMum,AdultDad,9,8
498,Female,0,2002,3,2,0,271,209,5,5,AdultMum,AdultDad,11,5
499,Male,0,2002,1,1,0,272,203,5,2,AdultMum,AdultDad,10,2
500,Male,0,2002,1,0,0,299,171,3,3,AdultMum,AdultDad,6,3
501,Male,0,2002,1,0,0,269,207,5,3,AdultMum,AdultDad,12,3
502,Male,0,2002,6,6,1,237,208,7,4,AdultMum,AdultDad,10,7
503,Female,0,2002,8,9,2,319,131,3,7,AdultMum,AdultDad,13,8
504,Female,0,2002,1,2,1,288,134,4,7,AdultMum,AdultDad,9,7
505,Female,0,2002,8,9,3,178,185,9,3,AdultMum,AdultDad,11,3
506,Female,1,2002,5,5,1,246,198,6,2,AdultMum,AdultDad,10,11
507,Male,0,2002,1,2,0,309,137,3,7,AdultMum,AdultDad,10,10
508,Female,0,2002,9,6,3,325,171,2,3,AdultMum,AdultDad,10,3
509,Female,0,2002,8,8,0,277,179,5,3,AdultMum,AdultDad,10,3
510,Male,0,2002,2,1,0,305,169,3,3,AdultMum,AdultDad,8,3
511,Male,0,2002,1,3,0,312,132,3,7,AdultMum,AdultDad,4,10
512,Female,0,2002,8,14,0,189,155,9,6,AdultMum,AdultDad,12,6
513,Female,0,2002,1,1,0,328,179,2,3,AdultMum,AdultDad,12,3
514,Male,0,2002,7,94,33,228,132,7,7,AdultMum,AdultDad,11,10
515,Female,0,2002,8,14,4,275,215,5,7,AdultMum,AdultDad,8,7
516,Female,0,2002,1,1,0,297,132,3,7,AdultMum,AdultDad,6,10
517,Female,0,2002,8,10,3,253,134,6,7,AdultMum,AdultDad,11,7
518,Male,1,2002,1,1,0,170,282,9,4,AdultMum,AdultDad,13,9
519,Female,0,2002,5,11,1,230,153,7,6,AdultMum,AdultDad,10,6
520,Male,0,2002,1,0,0,264,213,6,6,AdultMum,AdultDad,9,7
521,Female,0,2002,7,7,2,293,170,3,3,AdultMum,AdultDad,8,6
522,Male,0,2002,3,4,2,262,209,6,5,AdultMum,AdultDad,7,5
523,Female,0,2002,8,5,1,242,209,6,5,AdultMum,AdultDad,13,5
524,Male,0,2002,7,1,0,274,246,5,1,AdultMum,LambDad,8,1
525,Female,0,2002,1,2,0,260,172,6,3,AdultMum,AdultDad,9,3
526,Male,0,2002,0,2,0,279,195,5,2,AdultMum,AdultDad,7,2
527,Female,1,2002,7,10,3,226,134,7,7,AdultMum,AdultDad,12,7
528,Male,1,2002,0,0,0,226,134,7,7,AdultMum,AdultDad,12,7
529,Female,0,2002,8,9,3,216,109,7,10,AdultMum,AdultDad,8,10
530,Male,0,2002,7,7,4,255,139,6,7,AdultMum,AdultDad,9,9
531,Male,0,2002,1,1,0,300,131,3,7,AdultMum,AdultDad,12,8
532,Male,0,2002,1,0,0,332,170,2,3,AdultMum,AdultDad,7,6
533,Male,0,2002,1,1,0,233,189,7,3,AdultMum,AdultDad,10,6
534,Female,0,2002,3,3,1,258,179,6,3,AdultMum,AdultDad,12,3
535,Female,0,2002,5,0,0,317,139,3,7,AdultMum,AdultDad,10,9
536,Female,0,2002,6,6,1,198,155,8,6,AdultMum,AdultDad,10,6
537,Female,0,2002,6,0,0,311,167,3,3,AdultMum,AdultDad,4,3
538,Male,0,2002,1,0,0,322,177,3,3,AdultMum,AdultDad,5,3
539,Female,0,2002,8,9,5,336,137,2,7,AdultMum,AdultDad,10,10
540,Female,0,2002,1,2,1,389,173,1,3,LambMum,AdultDad,10,3
541,Male,0,2002,1,1,0,306,149,3,6,AdultMum,AdultDad,7,6
542,Male,0,2002,1,2,0,334,183,2,3,AdultMum,AdultDad,5,3
543,Male,0,2002,1,2,0,342,155,2,6,AdultMum,AdultDad,10,6
544,Female,0,2002,7,8,2,338,134,2,7,AdultMum,AdultDad,11,7
545,Male,0,2001,2,5,4,214,192,6,6,AdultMum,AdultDad,10,7
546,Male,0,2001,0,0,0,242,212,5,5,AdultMum,AdultDad,13,6
547,Female,0,2001,0,0,0,295,132,2,6,AdultMum,AdultDad,6,10
548,Male,0,2002,1,1,0,225,175,7,3,AdultMum,AdultDad,12,3
549,Male,0,2003,7,47,15,266,182,6,4,AdultMum,AdultDad,10,7
550,Female,0,2003,6,10,3,299,189,4,4,AdultMum,AdultDad,6,6
551,Male,0,2003,7,2,1,296,132,4,8,AdultMum,AdultDad,8,10
552,Male,1,2003,0,0,0,219,137,8,8,AdultMum,AdultDad,10,10
553,Male,1,2003,6,9,4,268,182,6,4,AdultMum,AdultDad,12,7
554,Female,1,2003,7,12,3,268,182,6,4,AdultMum,AdultDad,12,7
555,Female,0,2003,2,3,0,389,213,2,7,AdultMum,AdultDad,10,7
556,Male,0,2003,6,19,9,229,132,8,8,AdultMum,AdultDad,10,10
557,Female,0,2003,6,6,1,300,137,4,8,AdultMum,AdultDad,12,10
558,Female,0,2003,12,7,1,247,237,7,1,AdultMum,LambDad,9,1
559,Male,1,2003,0,0,0,155,137,11,8,AdultMum,AdultDad,13,10
560,Female,1,2003,7,10,2,155,227,11,1,AdultMum,LambDad,13,3
561,Male,1,2003,3,0,0,302,301,4,2,AdultMum,AdultDad,6,4
562,Female,1,2003,0,0,0,302,137,4,8,AdultMum,AdultDad,6,10
563,Male,0,2003,6,19,4,294,182,4,4,AdultMum,AdultDad,8,7
564,Male,0,2003,4,14,5,276,166,6,4,AdultMum,AdultDad,8,6
565,Female,0,2003,6,6,0,281,189,5,4,AdultMum,AdultDad,7,6
566,Male,1,2003,0,1,0,208,132,8,8,AdultMum,AdultDad,10,10
567,Male,0,2003,9,83,13,337,170,3,4,AdultMum,AdultDad,11,6
568,Female,1,2003,7,9,5,170,139,10,8,AdultMum,AdultDad,13,9
569,Female,1,2003,7,10,3,170,168,10,4,AdultMum,AdultDad,13,6
570,Female,1,2003,0,1,0,207,201,8,3,AdultMum,AdultDad,10,8
571,Female,1,2003,7,9,5,207,201,8,3,AdultMum,AdultDad,10,8
572,Female,0,2003,0,0,0,355,202,1,3,LambMum,AdultDad,8,5
573,Male,0,2003,0,1,0,387,137,3,8,AdultMum,AdultDad,10,10
574,Female,1,2003,7,8,3,244,170,7,4,AdultMum,AdultDad,15,6
575,Female,1,2003,7,9,2,244,170,7,4,AdultMum,AdultDad,15,6
576,Male,1,2003,0,0,0,254,292,7,4,AdultMum,AdultDad,11,6
577,Male,0,2003,6,4,1,331,279,3,1,AdultMum,LambDad,5,8
578,Female,0,2003,7,8,3,280,170,6,4,AdultMum,AdultDad,12,6
579,Female,1,2003,7,8,3,290,182,6,4,AdultMum,AdultDad,10,7
580,Male,0,2003,0,0,0,334,213,3,7,AdultMum,AdultDad,5,7
581,Male,0,2003,2,1,0,345,216,3,3,AdultMum,AdultDad,7,7
582,Female,0,2003,7,6,5,146,168,11,4,AdultMum,AdultDad,12,6
583,Male,0,2003,5,11,4,287,197,5,3,AdultMum,AdultDad,9,5
584,Male,0,2003,7,4,1,315,198,4,3,AdultMum,AdultDad,8,11
585,Female,1,2003,6,11,0,328,193,3,3,AdultMum,AdultDad,12,7
586,Female,0,2003,0,1,0,288,168,5,4,AdultMum,AdultDad,9,6
587,Male,0,2003,0,0,0,369,168,1,4,LambMum,AdultDad,3,6
588,Male,1,2003,5,4,2,175,197,10,3,AdultMum,AdultDad,12,5
589,Female,1,2003,0,0,0,175,187,10,4,AdultMum,AdultDad,12,6
590,Female,0,2003,0,1,0,297,132,4,8,AdultMum,AdultDad,6,10
591,Female,0,2003,0,1,0,342,132,3,8,AdultMum,AdultDad,10,10
592,Male,0,2003,7,30,11,211,213,8,7,AdultMum,AdultDad,11,7
593,Female,1,2003,2,1,0,202,166,9,4,AdultMum,AdultDad,11,6
594,Male,1,2003,5,8,3,202,182,9,4,AdultMum,AdultDad,11,7
595,Female,0,2003,7,9,2,373,137,1,8,LambMum,AdultDad,10,10
596,Female,0,2003,11,13,2,327,170,3,4,AdultMum,AdultDad,12,6
597,Male,1,2003,0,0,0,309,210,4,6,AdultMum,AdultDad,10,8
598,Female,0,2003,13,13,4,333,170,3,4,AdultMum,AdultDad,12,6
599,Female,1,2003,7,9,1,236,132,8,8,AdultMum,AdultDad,12,10
600,Male,1,2003,0,0,0,222,251,8,4,AdultMum,AdultDad,12,4
601,Male,1,2003,0,1,0,222,218,8,4,AdultMum,AdultDad,12,8
602,Female,0,2003,10,4,1,282,287,5,1,AdultMum,LambDad,7,3
603,Female,0,2003,14,1,0,179,166,10,4,AdultMum,AdultDad,12,6
604,Male,0,2003,0,0,0,343,213,3,7,AdultMum,AdultDad,7,7
605,Male,0,2003,0,1,0,330,137,3,8,AdultMum,AdultDad,5,10
606,Male,0,2003,0,2,0,226,164,8,7,AdultMum,AdultDad,12,9
607,Female,0,2003,14,7,3,223,168,8,4,AdultMum,AdultDad,14,6
608,Male,0,2003,0,0,0,378,168,1,4,LambMum,AdultDad,9,6
609,Male,0,2003,0,3,0,233,166,8,4,AdultMum,AdultDad,10,6
610,Female,0,2003,7,7,4,225,137,8,8,AdultMum,AdultDad,12,10
611,Female,0,2003,7,7,5,356,200,1,3,LambMum,AdultDad,9,9
612,Male,0,2003,0,1,0,218,189,8,4,AdultMum,AdultDad,10,6
613,Male,0,2003,0,0,0,354,137,2,8,AdultMum,AdultDad,4,10
614,Female,0,2003,7,8,5,253,235,7,1,AdultMum,LambDad,11,6
615,Male,1,2003,0,1,0,316,182,4,4,AdultMum,AdultDad,6,7
616,Male,1,2003,5,14,3,274,202,6,3,AdultMum,AdultDad,8,5
617,Female,1,2003,5,6,2,274,170,6,4,AdultMum,AdultDad,8,6
618,Male,1,2003,6,6,0,339,137,3,8,AdultMum,AdultDad,7,10
619,Male,1,2003,3,0,0,339,248,3,4,AdultMum,AdultDad,7,6
620,Female,0,2003,11,20,6,257,273,7,1,AdultMum,LambDad,13,2
621,Female,0,2003,0,1,0,301,221,4,4,AdultMum,AdultDad,16,8
622,Female,0,2003,7,8,3,332,232,3,1,AdultMum,LambDad,7,5
623,Female,0,2003,9,7,4,169,210,10,6,AdultMum,AdultDad,12,8
624,Male,1,2003,0,0,0,230,182,8,4,AdultMum,AdultDad,10,7
625,Female,1,2003,9,9,5,230,182,8,4,AdultMum,AdultDad,10,7
626,Female,1,2003,7,7,0,305,170,4,4,AdultMum,AdultDad,8,6
627,Female,0,2003,7,7,3,127,221,13,4,AdultMum,AdultDad,15,8
628,Male,1,2003,0,0,0,270,166,6,4,AdultMum,AdultDad,10,6
629,Female,1,2003,0,0,0,270,132,6,8,AdultMum,AdultDad,10,10
630,Female,0,2003,7,10,6,359,201,1,3,LambMum,AdultDad,10,8
631,Male,1,2003,0,0,0,278,273,6,1,AdultMum,LambDad,10,2
632,Female,0,2003,0,0,0,349,170,3,4,AdultMum,AdultDad,10,6
633,Female,0,2003,5,6,0,279,187,6,4,AdultMum,AdultDad,7,6
634,Female,0,2003,6,7,1,166,224,11,1,AdultMum,LambDad,12,2
635,Male,0,2003,4,7,2,199,240,9,1,AdultMum,LambDad,13,5
636,Male,1,2003,2,0,0,173,291,10,3,AdultMum,AdultDad,12,7
637,Female,1,2003,10,6,2,173,291,10,3,AdultMum,AdultDad,12,7
638,Female,0,2003,0,1,0,313,248,4,4,AdultMum,AdultDad,7,6
639,Female,0,2003,0,1,0,323,137,5,8,AdultMum,AdultDad,7,10
640,Male,0,2003,2,1,0,272,139,6,8,AdultMum,AdultDad,10,9
641,Male,0,2003,0,0,0,380,250,1,3,LambMum,AdultDad,5,5
642,Female,0,2003,0,1,0,366,244,1,2,LambMum,AdultDad,10,6
643,Female,0,2003,5,6,3,346,170,3,4,AdultMum,AdultDad,9,6
644,Male,0,2003,5,7,1,352,176,2,4,AdultMum,AdultDad,8,8
645,Male,0,2003,0,0,0,214,248,8,4,AdultMum,AdultDad,10,6
646,Male,0,2003,1,0,0,336,248,3,4,AdultMum,AdultDad,10,6
647,Female,0,2003,0,0,0,269,202,6,3,AdultMum,AdultDad,12,5
648,Male,0,2003,5,5,3,319,170,4,4,AdultMum,AdultDad,13,6
649,Female,0,2003,7,6,0,325,201,3,3,AdultMum,AdultDad,10,8
650,Male,0,2003,6,18,8,237,178,8,4,AdultMum,AdultDad,10,8
651,Female,0,2003,7,8,3,259,202,7,3,AdultMum,AdultDad,12,5
652,Female,0,2003,9,10,4,151,132,11,8,AdultMum,AdultDad,13,10
653,Female,0,2003,7,11,1,335,187,3,4,AdultMum,AdultDad,10,6
654,Female,0,2003,7,8,3,273,132,6,8,AdultMum,AdultDad,9,10
655,Female,0,2003,10,12,5,388,178,2,4,AdultMum,AdultDad,11,8
656,Female,0,2003,7,10,3,265,222,6,4,AdultMum,AdultDad,10,4
657,Female,0,2003,0,1,0,340,291,3,3,AdultMum,AdultDad,13,7
658,Female,0,2003,4,4,3,298,189,4,4,AdultMum,AdultDad,6,6
659,Male,0,2003,0,0,0,221,289,8,1,AdultMum,LambDad,10,3
660,Female,0,2003,0,2,0,348,193,3,3,AdultMum,AdultDad,9,7
661,Male,0,2003,0,0,0,353,184,2,4,AdultMum,AdultDad,11,8
662,Male,1,2003,0,2,1,310,201,4,3,AdultMum,AdultDad,6,8
663,Male,1,2003,0,0,0,310,201,4,3,AdultMum,AdultDad,6,8
664,Female,0,2003,0,1,0,286,221,5,4,AdultMum,AdultDad,13,8
665,Male,0,2003,6,0,0,209,221,8,4,AdultMum,AdultDad,10,8
666,Male,0,2003,6,2,1,255,193,7,3,AdultMum,AdultDad,9,7
667,Male,0,2003,0,0,0,326,164,3,7,AdultMum,AdultDad,7,9
668,Female,0,2003,2,0,0,321,285,4,4,AdultMum,AdultDad,11,8
669,Female,0,2003,6,7,1,183,213,10,7,AdultMum,AdultDad,12,7
670,Male,0,2003,0,0,0,178,132,10,8,AdultMum,AdultDad,11,10
671,Female,0,2003,7,9,0,283,170,5,4,AdultMum,AdultDad,9,6
672,Female,0,2003,5,7,2,227,250,8,3,AdultMum,AdultDad,10,5
673,Female,0,2003,0,1,0,258,251,7,4,AdultMum,AdultDad,12,4
674,Male,0,2003,6,11,2,341,170,3,4,AdultMum,AdultDad,12,6
675,Female,0,2003,6,8,1,243,132,7,8,AdultMum,AdultDad,9,10
676,Female,0,2003,0,0,0,307,170,4,4,AdultMum,AdultDad,11,6
677,Female,0,2003,8,12,3,228,137,8,8,AdultMum,AdultDad,11,10
678,Female,0,2003,6,0,0,318,290,4,3,AdultMum,AdultDad,9,7
679,Male,0,2003,5,2,0,224,194,8,3,AdultMum,AdultDad,16,4
680,Male,0,2000,3,1,0,217,166,5,1,AdultMum,LambDad,7,6
681,Male,0,2003,0,0,0,385,236,1,1,LambMum,LambDad,3,2
682,Female,0,2004,0,0,0,259,170,8,5,AdultMum,AdultDad,12,6
683,Female,0,2004,6,7,1,299,132,5,9,AdultMum,AdultDad,6,10
684,Female,0,2004,8,6,4,289,234,6,2,AdultMum,AdultDad,7,3
685,Male,0,2004,1,0,0,325,250,4,4,AdultMum,AdultDad,10,5
686,Female,0,2004,8,6,2,331,276,4,7,AdultMum,AdultDad,5,10
687,Male,0,2004,6,33,12,337,168,4,5,AdultMum,AdultDad,11,6
688,Female,0,2004,1,0,0,263,281,8,4,AdultMum,AdultDad,11,4
689,Female,0,2004,5,4,0,272,280,7,1,AdultMum,LambDad,10,2
690,Female,0,2004,2,0,0,267,137,7,9,AdultMum,AdultDad,10,10
691,Female,0,2004,6,6,1,358,168,2,5,AdultMum,AdultDad,6,6
692,Male,0,2004,0,0,0,383,206,2,5,AdultMum,AdultDad,6,6
693,Male,0,2004,0,0,0,317,228,5,2,AdultMum,AdultDad,10,3
694,Male,0,2003,2,1,0,324,290,7,3,AdultMum,AdultDad,9,7
695,Female,0,2005,5,5,1,210,170,10,6,AdultMum,AdultDad,13,6
696,Female,0,2005,8,8,3,364,198,3,5,AdultMum,AdultDad,9,11
697,Male,0,2005,4,5,2,427,184,2,6,AdultMum,AdultDad,12,8
698,Female,0,2005,7,6,3,300,223,6,3,AdultMum,AdultDad,12,8
699,Female,1,2005,0,1,0,268,170,8,6,AdultMum,AdultDad,12,6
700,Female,0,2005,0,0,0,269,132,8,10,AdultMum,AdultDad,12,10
701,Male,0,2005,0,0,0,387,276,5,8,AdultMum,AdultDad,10,10
702,Female,0,2005,5,7,2,336,239,5,3,AdultMum,AdultDad,10,9
703,Female,0,2005,5,7,1,327,206,5,6,AdultMum,AdultDad,12,6
704,Male,0,2005,5,13,3,340,184,5,6,AdultMum,AdultDad,13,8
705,Male,0,2005,0,0,0,388,242,4,3,AdultMum,AdultDad,11,3
706,Male,0,2005,1,0,0,320,292,6,6,AdultMum,AdultDad,9,6
707,Male,0,2005,0,2,0,360,184,3,6,AdultMum,AdultDad,10,8
708,Male,0,2005,5,14,2,337,282,5,7,AdultMum,AdultDad,11,9
709,Female,0,2005,9,8,5,283,132,7,10,AdultMum,AdultDad,9,10
710,Male,0,2005,5,0,0,287,286,7,6,AdultMum,AdultDad,9,8
711,Female,0,2005,5,6,2,343,166,5,6,AdultMum,AdultDad,7,6
712,Female,0,2005,5,5,2,366,198,3,5,AdultMum,AdultDad,10,11
713,Female,0,2005,7,8,3,358,299,3,5,AdultMum,AdultDad,6,5
714,Male,0,2005,0,1,0,384,277,3,2,AdultMum,AdultDad,10,2
715,Female,0,2005,9,13,3,294,300,6,3,AdultMum,AdultDad,8,3
716,Female,0,2005,0,0,0,306,283,6,3,AdultMum,AdultDad,7,8
717,Female,0,2005,8,8,4,325,247,5,6,AdultMum,AdultDad,10,6
718,Male,0,2005,0,0,0,254,233,9,3,AdultMum,AdultDad,11,3
719,Female,0,2005,3,0,0,329,248,5,6,AdultMum,AdultDad,9,6
720,Female,0,2005,5,7,2,253,168,9,6,AdultMum,AdultDad,11,6
721,Female,0,2005,7,8,3,395,184,2,6,AdultMum,AdultDad,9,8
722,Female,1,2005,7,6,3,226,278,10,3,AdultMum,AdultDad,12,3
723,Female,0,2005,5,6,0,272,263,8,2,AdultMum,AdultDad,10,6
724,Male,0,2005,0,2,2,267,247,8,6,AdultMum,AdultDad,10,6
725,Female,0,2005,3,2,0,242,274,9,3,AdultMum,AdultDad,13,3
726,Female,0,2005,11,12,2,349,223,5,3,AdultMum,AdultDad,10,8
727,Female,0,2005,0,0,0,413,250,2,5,AdultMum,AdultDad,13,5
728,Female,0,2005,0,0,0,288,198,7,5,AdultMum,AdultDad,9,11
729,Female,0,2005,2,0,0,402,242,2,3,AdultMum,AdultDad,9,3
730,Female,0,2005,7,8,4,374,198,3,5,AdultMum,AdultDad,10,11
731,Female,0,2005,7,7,6,362,282,3,7,AdultMum,AdultDad,9,9
732,Male,0,2005,0,1,0,257,198,9,5,AdultMum,AdultDad,13,11
733,Female,1,2005,5,3,0,373,229,3,3,AdultMum,AdultDad,10,3
734,Female,0,2005,5,5,2,332,191,5,8,AdultMum,AdultDad,7,8
735,Female,0,2005,5,6,2,335,283,5,3,AdultMum,AdultDad,10,8
736,Male,0,2005,4,3,1,350,289,5,3,AdultMum,AdultDad,7,3
737,Female,0,2005,7,11,1,359,198,3,5,AdultMum,AdultDad,10,11
738,Male,0,2005,0,1,0,326,245,5,4,AdultMum,AdultDad,7,4
739,Female,0,2005,1,0,0,409,292,2,6,AdultMum,AdultDad,9,6
740,Female,0,2005,0,0,0,238,299,10,5,AdultMum,AdultDad,14,5
741,Female,0,2006,4,4,3,384,193,4,6,AdultMum,AdultDad,10,7
742,Male,0,2006,6,25,4,336,178,6,7,AdultMum,AdultDad,10,8
743,Male,0,2006,3,4,0,314,221,7,7,AdultMum,AdultDad,11,8
744,Female,0,2006,2,2,1,363,200,4,6,AdultMum,AdultDad,9,9
745,Male,0,2006,2,2,2,426,182,3,7,AdultMum,AdultDad,9,7
746,Female,0,2006,9,10,4,423,182,3,7,AdultMum,AdultDad,9,7
747,Female,0,2006,2,2,1,390,182,3,7,AdultMum,AdultDad,8,7
748,Female,0,2006,6,5,3,280,304,9,4,AdultMum,AdultDad,12,8
749,Male,0,2006,2,0,0,394,320,3,3,AdultMum,AdultDad,9,9
750,Female,0,2006,8,4,2,351,239,5,4,AdultMum,AdultDad,10,9
751,Female,0,2006,8,9,3,386,257,4,3,AdultMum,AdultDad,9,11
752,Female,0,2006,9,1,0,305,307,7,4,AdultMum,AdultDad,8,9
753,Female,0,2006,3,1,0,338,182,6,7,AdultMum,AdultDad,11,7
754,Male,0,2006,4,21,9,361,201,4,6,AdultMum,AdultDad,10,8
755,Female,0,2006,4,5,1,362,176,4,7,AdultMum,AdultDad,9,8
756,Female,0,2006,1,0,0,395,232,3,4,AdultMum,AdultDad,9,5
757,Female,0,2006,3,3,0,391,307,3,4,AdultMum,AdultDad,9,9
758,Male,1,2006,2,0,0,332,239,6,4,AdultMum,AdultDad,7,9
759,Female,0,2006,6,7,1,372,199,4,6,AdultMum,AdultDad,11,7
760,Male,0,2006,4,1,1,287,307,8,4,AdultMum,AdultDad,9,9
761,Female,0,2006,8,9,3,379,291,4,6,AdultMum,AdultDad,10,7
762,Male,1,2006,2,1,0,343,304,6,4,AdultMum,AdultDad,7,8
763,Female,0,2006,4,4,0,431,225,3,4,AdultMum,AdultDad,7,9
764,Female,0,2006,4,4,2,352,193,5,6,AdultMum,AdultDad,8,7
765,Female,0,2006,8,9,5,373,291,4,6,AdultMum,AdultDad,10,7
766,Female,0,2006,0,1,0,409,252,3,3,AdultMum,AdultDad,9,9
767,Female,0,2006,4,5,3,370,307,4,4,AdultMum,AdultDad,10,9
768,Male,1,2006,1,0,0,278,307,9,4,AdultMum,AdultDad,10,9
769,Female,0,2006,0,0,0,376,201,4,6,AdultMum,AdultDad,9,8
770,Male,0,2006,4,6,3,309,182,7,7,AdultMum,AdultDad,10,7
771,Male,0,2006,0,0,0,411,239,3,4,AdultMum,AdultDad,9,9
772,Male,0,2006,4,0,0,400,320,3,3,AdultMum,AdultDad,9,9
773,Male,0,2006,4,1,1,403,323,3,1,AdultMum,LambDad,9,2
774,Male,0,2006,7,35,8,359,283,4,4,AdultMum,AdultDad,10,8
775,Male,0,2006,4,21,9,418,253,3,3,AdultMum,AdultDad,9,8
776,Male,0,2006,2,0,0,396,269,3,3,AdultMum,AdultDad,9,4
777,Female,0,2006,2,0,0,238,261,11,3,AdultMum,AdultDad,14,9
778,Male,0,2007,3,1,1,336,239,7,5,AdultMum,AdultDad,10,9
779,Male,0,2007,5,22,2,420,270,4,4,AdultMum,AdultDad,12,8
780,Male,0,2007,3,2,0,210,308,12,4,AdultMum,AdultDad,13,7
781,Male,0,2007,6,16,3,397,297,4,2,AdultMum,AdultDad,9,2
782,Female,0,2007,10,8,1,363,305,5,8,AdultMum,AdultDad,9,8
783,Female,0,2007,3,6,0,384,239,5,5,AdultMum,AdultDad,10,9
784,Male,0,2007,6,11,4,443,257,2,4,AdultMum,AdultDad,7,11
785,Male,0,2007,5,12,4,337,178,7,8,AdultMum,AdultDad,11,8
786,Female,0,2007,0,1,0,442,322,2,5,AdultMum,AdultDad,9,8
787,Female,1,2007,6,8,3,390,379,4,4,AdultMum,AdultDad,8,9
788,Female,0,2007,6,7,4,433,223,4,5,AdultMum,AdultDad,8,8
789,Female,1,2007,3,4,0,335,201,7,7,AdultMum,AdultDad,10,8
790,Female,0,2007,5,6,0,333,268,7,4,AdultMum,AdultDad,12,8
791,Male,0,2007,7,23,3,366,258,5,4,AdultMum,AdultDad,10,8
792,Female,1,2007,5,6,1,378,226,5,5,AdultMum,AdultDad,9,5
793,Male,0,2007,3,0,0,325,275,7,4,AdultMum,AdultDad,10,5
794,Male,0,2007,2,0,0,387,322,7,5,AdultMum,AdultDad,10,8
795,Female,0,2007,1,1,0,327,225,7,5,AdultMum,AdultDad,12,9
796,Female,0,2007,7,9,1,421,261,4,4,AdultMum,AdultDad,7,9
797,Female,0,2007,0,1,0,417,225,4,5,AdultMum,AdultDad,9,9
798,Male,0,2007,2,6,1,461,262,2,4,AdultMum,AdultDad,9,7
799,Female,0,2007,11,17,2,374,265,5,4,AdultMum,AdultDad,10,7
800,Female,0,2007,3,4,1,393,225,4,5,AdultMum,AdultDad,14,9
801,Male,0,2007,0,1,1,346,261,7,4,AdultMum,AdultDad,9,9
802,Male,1,2007,2,2,0,391,238,4,5,AdultMum,AdultDad,9,8
803,Female,1,2007,9,4,0,391,259,4,4,AdultMum,AdultDad,9,7
804,Female,1,2007,1,1,0,303,178,8,8,AdultMum,AdultDad,9,8
805,Male,1,2007,3,3,1,388,284,6,3,AdultMum,AdultDad,11,8
806,Male,0,2007,3,1,1,358,307,5,5,AdultMum,AdultDad,6,9
807,Male,0,2007,2,0,0,340,201,7,7,AdultMum,AdultDad,13,8
808,Male,0,2007,6,0,0,410,198,4,7,AdultMum,AdultDad,9,11
809,Female,0,2007,11,14,1,367,184,5,8,AdultMum,AdultDad,9,8
810,Male,0,2007,0,0,0,320,231,8,5,AdultMum,AdultDad,9,8
811,Female,0,2007,7,7,3,432,266,4,4,AdultMum,AdultDad,12,8
812,Male,0,2007,6,12,3,347,267,7,4,AdultMum,AdultDad,8,8
813,Female,0,2007,3,4,1,460,176,2,8,AdultMum,AdultDad,7,8
814,Male,1,2007,3,4,2,361,293,5,2,AdultMum,AdultDad,10,6
815,Female,0,2007,7,11,4,418,223,4,5,AdultMum,AdultDad,9,8
816,Female,0,2007,9,9,2,405,198,4,7,AdultMum,AdultDad,15,11
817,Female,0,2007,5,6,2,428,309,4,4,AdultMum,AdultDad,9,9
818,Female,0,2007,3,5,1,355,223,5,5,AdultMum,AdultDad,8,8
819,Female,0,2007,7,9,2,411,231,4,5,AdultMum,AdultDad,9,8
820,Female,0,2007,13,10,6,458,184,2,8,AdultMum,AdultDad,9,8
821,Male,0,2007,3,2,1,362,324,5,3,AdultMum,AdultDad,9,3
822,Female,0,2007,7,8,2,424,198,4,7,AdultMum,AdultDad,11,11
823,Male,0,2007,3,0,0,429,307,4,5,AdultMum,AdultDad,6,9
824,Female,0,2007,7,8,3,412,307,4,5,AdultMum,AdultDad,7,9
825,Female,0,2007,3,3,1,422,307,4,5,AdultMum,AdultDad,8,9
826,Male,0,2007,3,0,0,404,178,4,8,AdultMum,AdultDad,13,8
827,Male,1,2007,3,1,1,413,201,4,7,AdultMum,AdultDad,13,8
828,Female,1,2007,1,2,0,413,230,4,5,AdultMum,AdultDad,13,5
829,Male,0,2007,3,5,4,430,303,4,8,AdultMum,AdultDad,8,8
830,Female,0,2007,3,3,1,352,223,6,5,AdultMum,AdultDad,8,8
831,Male,1,2007,3,3,2,425,249,4,5,AdultMum,AdultDad,9,5
832,Male,0,2007,2,0,0,271,239,10,5,AdultMum,AdultDad,11,9
833,Male,0,2007,0,0,0,360,320,5,4,AdultMum,AdultDad,10,9
834,Female,0,2007,3,4,0,423,309,4,4,AdultMum,AdultDad,9,9
835,Female,0,2007,2,0,0,415,345,4,1,AdultMum,LambDad,11,3
836,Male,0,2007,0,1,0,402,239,4,5,AdultMum,AdultDad,9,9
837,Female,0,2007,9,11,4,401,283,4,5,AdultMum,AdultDad,9,8
838,Female,0,2007,3,3,0,414,201,4,7,AdultMum,AdultDad,9,8
839,Male,0,2007,3,5,3,257,307,11,5,AdultMum,AdultDad,13,9
840,Male,0,2007,0,0,0,408,201,4,7,AdultMum,AdultDad,16,8
841,Male,0,2007,6,67,23,359,239,5,5,AdultMum,AdultDad,10,9
842,Male,1,2007,6,12,5,375,231,5,5,AdultMum,AdultDad,7,8
843,Female,0,2007,7,10,2,396,239,4,5,AdultMum,AdultDad,9,9
844,Female,0,2007,5,3,1,370,265,5,4,AdultMum,AdultDad,10,7
845,Female,0,2007,7,7,1,319,305,8,8,AdultMum,AdultDad,13,8
846,Male,0,2007,5,1,1,400,260,4,4,AdultMum,AdultDad,9,7
847,Male,0,2007,3,4,0,353,193,6,7,AdultMum,AdultDad,11,7
848,Female,0,2007,3,4,0,389,296,6,2,AdultMum,AdultDad,10,2
849,Male,0,2007,1,0,0,456,239,2,5,AdultMum,AdultDad,7,9
850,Female,0,2007,7,8,1,224,200,12,7,AdultMum,AdultDad,16,9
851,Female,0,2006,8,7,2,429,239,3,4,AdultMum,AdultDad,6,9
852,Male,0,2007,2,2,2,238,312,12,1,AdultMum,LambDad,14,1
853,Female,0,2008,8,13,1,268,231,11,6,AdultMum,AdultDad,12,8
854,Male,0,2008,0,0,0,390,241,5,6,AdultMum,AdultDad,8,9
855,Female,0,2008,3,4,1,336,283,8,6,AdultMum,AdultDad,10,8
856,Female,0,2008,7,7,4,384,239,6,6,AdultMum,AdultDad,10,9
857,Female,0,2008,4,4,0,397,270,5,5,AdultMum,AdultDad,9,8
858,Female,0,2008,10,11,1,426,284,5,4,AdultMum,AdultDad,9,8
859,Female,0,2008,2,2,0,460,308,3,5,AdultMum,AdultDad,7,7
860,Female,0,2008,2,3,0,427,304,5,6,AdultMum,AdultDad,12,8
861,Male,0,2008,0,0,0,382,265,6,5,AdultMum,AdultDad,8,7
862,Male,0,2008,2,4,3,364,304,6,6,AdultMum,AdultDad,9,8
863,Male,0,2008,2,2,1,441,266,3,5,AdultMum,AdultDad,10,8
864,Female,0,2008,8,8,2,269,279,11,6,AdultMum,AdultDad,12,8
865,Male,1,2008,1,0,0,357,198,6,8,AdultMum,AdultDad,7,11
866,Female,0,2008,5,6,1,448,201,3,8,AdultMum,AdultDad,9,8
867,Female,0,2008,2,3,0,444,201,3,8,AdultMum,AdultDad,7,8
868,Female,0,2008,7,8,3,424,255,5,5,AdultMum,AdultDad,11,8
869,Male,1,2008,1,0,0,335,308,8,5,AdultMum,AdultDad,10,7
870,Female,0,2008,0,0,0,387,266,8,5,AdultMum,AdultDad,10,8
871,Female,0,2008,4,6,1,479,308,3,5,AdultMum,AdultDad,7,7
872,Male,0,2008,2,1,0,459,334,3,1,AdultMum,LambDad,7,2
873,Male,0,2008,5,27,3,386,329,6,1,AdultMum,LambDad,9,8
874,Male,0,2008,0,0,0,437,241,4,6,AdultMum,AdultDad,10,9
875,Male,0,2008,5,9,2,451,223,3,6,AdultMum,AdultDad,7,8
876,Male,0,2008,2,0,0,363,259,6,5,AdultMum,AdultDad,9,7
877,Female,0,2008,8,9,3,371,307,6,6,AdultMum,AdultDad,7,9
878,Male,0,2008,1,4,0,446,319,3,3,AdultMum,AdultDad,7,4
879,Male,0,2008,2,0,0,349,307,8,6,AdultMum,AdultDad,10,9
880,Male,1,2008,2,0,0,450,261,3,5,AdultMum,AdultDad,10,9
881,Female,0,2008,6,6,0,368,284,6,4,AdultMum,AdultDad,10,8
882,Female,1,2008,2,2,0,428,270,5,5,AdultMum,AdultDad,9,8
883,Male,1,2008,2,3,0,428,255,5,5,AdultMum,AdultDad,9,8
884,Female,0,2008,4,3,1,309,302,9,4,AdultMum,AdultDad,10,7
885,Female,0,2008,2,3,0,411,223,5,6,AdultMum,AdultDad,9,8
886,Female,0,2008,4,6,2,412,304,5,6,AdultMum,AdultDad,7,8
887,Male,0,2008,0,0,0,469,225,2,6,AdultMum,AdultDad,9,9
888,Female,0,2008,6,8,1,434,351,5,3,AdultMum,AdultDad,10,7
889,Female,0,2008,2,2,0,398,379,5,5,AdultMum,AdultDad,9,9
890,Male,0,2008,0,0,0,374,379,6,5,AdultMum,AdultDad,10,9
891,Female,0,2008,8,7,1,402,307,5,6,AdultMum,AdultDad,9,9
892,Female,0,2008,6,6,1,359,256,6,5,AdultMum,AdultDad,10,6
893,Female,0,2008,8,11,1,337,313,8,2,AdultMum,AdultDad,11,6
894,Male,0,2008,2,0,0,457,354,3,3,AdultMum,AdultDad,9,6
895,Male,1,2008,6,2,0,452,325,3,5,AdultMum,AdultDad,7,6
896,Female,1,2008,8,8,2,452,201,3,8,AdultMum,AdultDad,7,8
897,Female,0,2008,5,1,0,377,352,6,2,AdultMum,AdultDad,10,2
898,Male,1,2008,2,4,1,410,254,5,5,AdultMum,AdultDad,9,8
899,Female,0,2008,10,10,4,419,257,5,5,AdultMum,AdultDad,8,11
900,Male,0,2008,0,0,0,378,304,6,6,AdultMum,AdultDad,9,8
901,Female,0,2008,10,12,4,421,241,5,6,AdultMum,AdultDad,7,9
902,Female,0,2008,6,9,0,454,304,3,6,AdultMum,AdultDad,9,8
903,Male,0,2008,2,2,0,462,356,2,7,AdultMum,AdultDad,6,8
904,Male,0,2008,0,0,0,429,320,5,5,AdultMum,AdultDad,6,9
905,Male,1,2008,10,7,2,396,264,5,5,AdultMum,AdultDad,9,7
906,Female,0,2008,8,12,0,418,348,5,2,AdultMum,AdultDad,9,6
907,Male,1,2008,0,0,0,420,270,5,5,AdultMum,AdultDad,12,8
908,Female,1,2008,8,10,3,401,390,5,1,AdultMum,LambDad,9,5
909,Female,0,2008,10,14,1,344,231,8,6,AdultMum,AdultDad,14,8
910,Male,0,2008,0,0,0,465,231,2,6,AdultMum,AdultDad,12,8
911,Female,0,2008,10,14,2,405,311,5,2,AdultMum,AdultDad,15,4
912,Male,1,2008,0,0,0,346,352,8,2,AdultMum,AdultDad,9,2
913,Female,1,2008,2,2,0,346,319,8,3,AdultMum,AdultDad,9,4
914,Female,0,2008,2,3,0,407,201,5,8,AdultMum,AdultDad,12,8
915,Male,0,2008,4,1,0,508,252,2,5,AdultMum,AdultDad,6,9
916,Female,0,2008,1,0,0,408,231,5,6,AdultMum,AdultDad,16,8
917,Female,0,2008,4,2,1,362,350,6,3,AdultMum,AdultDad,9,7
918,Female,0,2008,6,6,2,409,320,5,5,AdultMum,AdultDad,9,9
919,Male,0,2008,2,0,0,439,288,4,5,AdultMum,AdultDad,8,7
920,Male,0,2008,0,0,0,372,350,6,3,AdultMum,AdultDad,11,7
921,Female,0,2008,6,5,2,415,225,5,6,AdultMum,AdultDad,11,9
922,Female,0,2008,1,0,0,381,266,6,5,AdultMum,AdultDad,8,8
923,Female,0,2008,2,2,0,458,331,3,1,AdultMum,LambDad,9,1
924,Male,0,2008,0,0,0,257,231,12,6,AdultMum,AdultDad,13,8
925,Female,0,2008,10,8,3,325,262,8,5,AdultMum,AdultDad,10,7
926,Female,0,2008,4,4,1,438,298,4,3,AdultMum,AdultDad,8,6
927,Female,1,2008,8,9,2,413,239,5,6,AdultMum,AdultDad,13,9
928,Male,0,2008,5,10,4,470,256,2,5,AdultMum,AdultDad,10,6
929,Female,0,2008,6,5,2,338,239,8,6,AdultMum,AdultDad,11,9
930,Male,0,2008,1,0,0,321,201,9,8,AdultMum,AdultDad,11,8
931,Male,0,2008,2,0,0,416,239,5,6,AdultMum,AdultDad,11,9
932,Male,0,2008,6,16,2,436,231,4,6,AdultMum,AdultDad,10,8
933,Female,0,2008,4,4,1,341,198,8,8,AdultMum,AdultDad,12,11
934,Female,0,2008,8,10,3,361,252,6,5,AdultMum,AdultDad,10,9
935,Male,0,2008,6,2,1,395,253,5,5,AdultMum,AdultDad,9,8
936,Male,0,2009,1,1,1,365,225,7,7,AdultMum,AdultDad,10,9
937,Female,0,2009,5,5,1,384,231,7,7,AdultMum,AdultDad,10,8
938,Female,0,2009,7,8,1,426,198,6,9,AdultMum,AdultDad,9,11
939,Male,0,2009,3,2,1,427,272,6,6,AdultMum,AdultDad,12,7
940,Male,0,2009,0,0,0,336,284,9,5,AdultMum,AdultDad,10,8
941,Male,0,2009,5,15,4,356,231,7,7,AdultMum,AdultDad,9,8
942,Female,0,2009,9,12,4,441,252,4,6,AdultMum,AdultDad,10,9
943,Female,0,2009,1,1,0,495,270,2,6,AdultMum,AdultDad,5,8
944,Female,0,2009,7,9,2,397,368,6,2,AdultMum,AdultDad,9,5
945,Female,0,2009,1,1,0,475,284,3,5,AdultMum,AdultDad,6,8
946,Male,0,2009,1,0,0,410,330,6,2,AdultMum,AdultDad,9,7
947,Female,0,2009,7,9,2,398,304,6,7,AdultMum,AdultDad,9,8
948,Female,0,2009,8,9,4,360,283,7,7,AdultMum,AdultDad,10,8
949,Male,0,2009,4,17,2,366,239,7,7,AdultMum,AdultDad,10,9
950,Male,0,2009,1,0,0,448,254,4,6,AdultMum,AdultDad,9,8
951,Male,1,2009,1,0,0,394,332,6,2,AdultMum,AdultDad,9,9
952,Male,0,2009,1,3,0,368,239,7,7,AdultMum,AdultDad,10,9
953,Female,0,2009,1,1,0,338,231,9,7,AdultMum,AdultDad,11,8
954,Female,0,2009,0,1,0,340,198,9,9,AdultMum,AdultDad,13,11
955,Female,0,2009,11,9,2,424,321,6,6,AdultMum,AdultDad,11,9
956,Female,0,2009,7,7,4,436,260,5,6,AdultMum,AdultDad,10,7
957,Female,0,2009,1,0,0,449,252,4,6,AdultMum,AdultDad,11,9
958,Female,0,2009,1,2,0,463,223,3,7,AdultMum,AdultDad,6,8
959,Female,0,2009,0,0,0,499,369,2,3,AdultMum,AdultDad,9,6
960,Male,0,2009,1,0,0,459,262,4,6,AdultMum,AdultDad,7,7
961,Female,0,2009,11,11,5,456,257,4,6,AdultMum,AdultDad,7,11
962,Male,0,2009,1,1,0,402,306,6,6,AdultMum,AdultDad,9,9
963,Female,0,2009,6,4,2,477,359,3,1,AdultMum,LambDad,6,7
964,Female,0,2009,11,13,4,367,368,7,2,AdultMum,AdultDad,9,5
965,Male,0,2009,0,1,0,379,283,7,7,AdultMum,AdultDad,10,8
966,Female,0,2009,1,2,0,480,231,3,7,AdultMum,AdultDad,5,8
967,Female,0,2009,7,8,3,408,223,6,7,AdultMum,AdultDad,16,8
968,Male,0,2009,5,25,7,414,283,6,7,AdultMum,AdultDad,9,8
969,Male,0,2009,1,1,0,454,343,4,2,AdultMum,AdultDad,9,8
970,Female,0,2009,9,15,3,359,239,7,7,AdultMum,AdultDad,10,9
971,Female,0,2009,1,2,0,492,252,2,6,AdultMum,AdultDad,9,9
972,Male,0,2009,3,0,0,482,223,2,7,AdultMum,AdultDad,8,8
973,Female,0,2009,7,7,1,455,261,4,6,AdultMum,AdultDad,13,9
974,Male,0,2009,1,0,0,451,254,4,6,AdultMum,AdultDad,7,8
975,Female,0,2009,3,3,0,337,294,9,4,AdultMum,AdultDad,11,7
976,Male,0,2009,1,0,0,457,239,4,7,AdultMum,AdultDad,9,9
977,Female,0,2009,3,4,2,445,225,4,7,AdultMum,AdultDad,11,9
978,Female,0,2009,5,4,1,490,252,2,6,AdultMum,AdultDad,9,9
979,Female,0,2009,9,12,4,411,283,6,7,AdultMum,AdultDad,9,8
980,Female,0,2009,5,8,1,421,304,6,7,AdultMum,AdultDad,7,8
981,Male,0,2009,1,0,0,376,225,7,7,AdultMum,AdultDad,9,9
982,Female,0,2009,11,1,0,467,350,3,4,AdultMum,AdultDad,4,7
983,Female,0,2009,5,6,1,434,259,6,6,AdultMum,AdultDad,10,7
984,Male,0,2009,4,2,1,484,377,2,2,AdultMum,AdultDad,8,5
985,Male,1,2009,0,0,0,450,370,4,2,AdultMum,AdultDad,10,4
986,Male,0,2009,1,0,0,351,239,8,7,AdultMum,AdultDad,10,9
987,Female,0,2009,1,2,0,399,231,6,7,AdultMum,AdultDad,9,8
988,Male,0,2009,1,2,1,406,350,6,4,AdultMum,AdultDad,9,7
989,Female,0,2009,6,6,1,466,231,3,7,AdultMum,AdultDad,11,8
990,Female,0,2009,6,7,3,446,322,4,7,AdultMum,AdultDad,7,8
991,Female,0,2009,8,12,3,447,313,4,3,AdultMum,AdultDad,7,6
992,Female,0,2009,4,5,3,395,231,6,7,AdultMum,AdultDad,9,8
993,Male,0,2009,1,0,0,417,347,6,2,AdultMum,AdultDad,9,4
994,Male,0,2009,1,2,0,465,318,3,3,AdultMum,AdultDad,12,6
995,Female,0,2009,11,11,1,392,259,6,6,AdultMum,AdultDad,8,7
996,Female,0,2009,5,4,1,422,304,6,7,AdultMum,AdultDad,8,8
997,Female,0,2009,7,7,4,503,239,2,7,AdultMum,AdultDad,5,9
998,Female,0,2009,1,1,0,443,223,4,7,AdultMum,AdultDad,7,8
999,Male,0,2009,5,58,17,476,318,3,3,AdultMum,AdultDad,10,6
1000,Female,0,2009,7,6,4,423,254,6,6,AdultMum,AdultDad,9,8
1001,Male,0,2009,1,0,0,493,313,2,3,AdultMum,AdultDad,11,6
1002,Female,0,2009,4,7,0,496,253,2,6,AdultMum,AdultDad,9,8
1003,Female,0,2009,8,10,2,488,307,2,7,AdultMum,AdultDad,5,9
1004,Female,0,2009,5,6,2,416,239,6,7,AdultMum,AdultDad,11,9
1005,Female,0,2009,11,10,2,353,347,8,2,AdultMum,AdultDad,11,4
1006,Female,0,2009,3,1,1,458,316,4,3,AdultMum,AdultDad,9,6
1007,Male,0,2009,1,0,0,468,302,3,5,AdultMum,AdultDad,8,7
1008,Male,0,2009,1,0,0,325,239,9,7,AdultMum,AdultDad,10,9
1009,Female,0,2009,11,3,0,403,349,6,6,AdultMum,AdultDad,9,7
1010,Female,0,2009,1,0,0,464,253,3,6,AdultMum,AdultDad,4,8
1011,Male,0,2009,1,1,0,432,261,6,6,AdultMum,AdultDad,12,9
1012,Male,0,2009,1,0,0,364,239,7,7,AdultMum,AdultDad,9,9
1013,Male,0,2010,0,0,0,388,304,9,8,AdultMum,AdultDad,11,8
1014,Male,0,2010,0,0,0,366,308,8,7,AdultMum,AdultDad,10,7
1015,Male,0,2010,0,0,0,483,223,3,8,AdultMum,AdultDad,8,8
1016,Male,0,2010,0,0,0,427,284,7,6,AdultMum,AdultDad,12,8
1017,Female,0,2010,10,9,2,465,239,4,8,AdultMum,AdultDad,12,9
1018,Female,0,2010,4,2,0,490,308,3,7,AdultMum,AdultDad,9,7
1019,Female,1,2010,8,9,0,397,302,7,6,AdultMum,AdultDad,9,7
1020,Male,0,2010,0,0,0,440,304,5,8,AdultMum,AdultDad,7,8
1021,Female,0,2010,0,0,0,511,365,3,2,AdultMum,AdultDad,11,7
1022,Female,0,2010,0,0,0,515,314,2,4,AdultMum,AdultDad,8,6
1023,Female,0,2010,6,6,3,487,307,3,8,AdultMum,AdultDad,13,9
1024,Female,0,2010,6,7,1,453,252,5,7,AdultMum,AdultDad,9,9
1025,Female,0,2010,0,0,0,484,279,3,8,AdultMum,AdultDad,8,8
1026,Male,0,2010,1,2,1,456,309,5,7,AdultMum,AdultDad,7,9
1027,Female,0,2010,3,3,3,435,421,6,2,AdultMum,AdultDad,8,6
1028,Female,0,2010,10,10,8,494,361,3,2,AdultMum,AdultDad,7,3
1029,Male,0,2010,3,6,0,447,307,5,8,AdultMum,AdultDad,7,9
1030,Female,0,2010,2,1,0,398,271,7,7,AdultMum,AdultDad,9,9
1031,Male,0,2010,0,0,0,436,293,6,5,AdultMum,AdultDad,10,6
1032,Male,0,2010,0,0,0,472,255,4,7,AdultMum,AdultDad,6,8
1033,Female,1,2010,0,0,0,395,284,7,6,AdultMum,AdultDad,9,8
1034,Female,0,2010,0,0,0,445,302,5,6,AdultMum,AdultDad,11,7
1035,Female,0,2010,0,0,0,478,254,4,7,AdultMum,AdultDad,6,8
1036,Female,0,2010,10,11,2,405,320,7,7,AdultMum,AdultDad,15,9
1037,Male,1,2010,0,0,0,418,266,7,7,AdultMum,AdultDad,9,8
1038,Male,0,2010,9,16,7,442,241,5,8,AdultMum,AdultDad,9,9
1039,Male,0,2010,0,0,0,475,254,4,7,AdultMum,AdultDad,6,8
1040,Female,0,2010,0,0,0,474,342,4,3,AdultMum,AdultDad,10,8
1041,Male,0,2010,0,0,0,437,225,6,8,AdultMum,AdultDad,10,9
1042,Female,0,2010,0,0,0,410,254,7,7,AdultMum,AdultDad,9,8
1043,Male,0,2010,0,0,0,454,255,5,7,AdultMum,AdultDad,9,8
1044,Female,1,2010,9,12,0,416,307,7,8,AdultMum,AdultDad,11,9
1045,Female,0,2010,5,3,0,411,270,7,7,AdultMum,AdultDad,9,8
1046,Male,0,2010,0,0,0,502,302,3,6,AdultMum,AdultDad,5,7
1047,Female,1,2010,0,0,0,413,239,7,8,AdultMum,AdultDad,13,9
1048,Female,1,2010,8,9,2,413,239,7,8,AdultMum,AdultDad,13,9
1049,Female,0,2010,5,5,1,402,295,7,5,AdultMum,AdultDad,9,7
1050,Female,0,2010,8,13,0,414,239,7,8,AdultMum,AdultDad,9,9
1051,Male,0,2010,0,0,0,504,318,3,4,AdultMum,AdultDad,11,6
1052,Female,0,2010,0,0,0,362,378,8,5,AdultMum,AdultDad,9,9
1053,Female,0,2010,2,2,0,477,239,4,8,AdultMum,AdultDad,6,9
1054,Male,0,2010,0,0,0,361,342,8,3,AdultMum,AdultDad,10,8
1055,Female,0,2010,10,3,1,514,198,2,10,AdultMum,AdultDad,9,11
1056,Male,0,2010,0,0,0,359,252,8,7,AdultMum,AdultDad,10,9
1057,Female,0,2010,0,1,0,492,304,3,8,AdultMum,AdultDad,9,8
1058,Female,0,2010,8,5,0,409,284,7,6,AdultMum,AdultDad,9,8
1059,Female,0,2010,8,11,0,449,353,5,4,AdultMum,AdultDad,11,6
1060,Male,0,2009,5,1,1,388,266,8,6,AdultMum,AdultDad,11,8
1061,Female,0,2010,4,4,2,466,288,4,7,AdultMum,AdultDad,11,7
1062,Male,0,2009,1,0,0,238,379,14,6,AdultMum,AdultDad,14,9
1063,Female,0,2011,5,6,1,557,295,2,6,AdultMum,AdultDad,11,7
1064,Female,0,2011,9,9,3,457,376,6,2,AdultMum,AdultDad,9,7
1065,Female,0,2011,5,6,0,481,357,4,3,AdultMum,AdultDad,10,4
1066,Female,0,2011,9,8,5,491,318,4,5,AdultMum,AdultDad,5,6
1067,Female,0,2011,9,9,3,531,333,3,4,AdultMum,AdultDad,10,4
1068,Female,0,2011,5,5,1,462,239,5,9,AdultMum,AdultDad,6,9
1069,Female,0,2011,1,2,1,418,266,8,8,AdultMum,AdultDad,9,8
1070,Female,0,2011,3,1,0,473,309,5,8,AdultMum,AdultDad,8,9
1071,Male,0,2010,3,13,2,462,254,4,7,AdultMum,AdultDad,6,8
1072,Female,0,2011,7,4,3,498,321,4,8,AdultMum,AdultDad,15,9
1073,Female,0,2011,7,13,2,451,317,6,5,AdultMum,AdultDad,7,9
1074,Male,0,2011,9,15,2,400,351,8,6,AdultMum,AdultDad,9,7
1075,Female,0,2011,9,13,3,432,330,8,4,AdultMum,AdultDad,12,7
1076,Male,0,2012,4,34,8,500,346,5,5,AdultMum,AdultDad,11,5
1077,Male,0,2012,0,0,0,486,313,5,6,AdultMum,AdultDad,9,6
1078,Female,0,2012,6,9,1,540,403,4,9,AdultMum,AdultDad,6,9
1079,Female,0,2012,2,2,1,513,318,4,6,AdultMum,AdultDad,10,6
1080,Female,0,2012,4,5,1,523,367,4,4,AdultMum,AdultDad,10,8
1081,Female,0,2012,8,12,1,427,257,9,9,AdultMum,AdultDad,12,11
1082,Female,0,2012,8,8,3,538,330,4,5,AdultMum,AdultDad,10,7
1083,Male,0,2012,2,5,1,483,357,5,4,AdultMum,AdultDad,8,4
1084,Female,0,2012,6,6,1,441,261,7,9,AdultMum,AdultDad,10,9
1085,Male,0,2012,0,1,0,455,379,7,9,AdultMum,AdultDad,13,9
1086,Male,0,2012,1,1,0,539,340,4,5,AdultMum,AdultDad,12,5
1087,Female,0,2012,8,9,2,550,391,3,6,AdultMum,AdultDad,10,6
1088,Female,0,2012,8,9,3,465,315,6,6,AdultMum,AdultDad,12,6
1089,Female,0,2012,6,9,1,557,389,3,5,AdultMum,AdultDad,11,5
1090,Male,0,2012,4,3,1,471,357,6,4,AdultMum,AdultDad,10,4
1091,Female,0,2012,4,5,1,530,378,4,7,AdultMum,AdultDad,10,9
1092,Male,0,2012,8,36,7,481,318,5,6,AdultMum,AdultDad,10,6
1093,Male,0,2012,1,2,0,514,341,4,5,AdultMum,AdultDad,9,5
1094,Male,0,2012,0,0,0,552,348,3,6,AdultMum,AdultDad,9,6
1095,Female,0,2012,0,0,0,567,261,3,9,AdultMum,AdultDad,7,9
1096,Female,0,2012,0,1,1,560,353,3,6,AdultMum,AdultDad,11,6
1097,Female,0,2012,0,1,0,448,284,7,8,AdultMum,AdultDad,9,8
1098,Male,0,2012,1,1,0,551,252,3,9,AdultMum,AdultDad,11,9
1099,Male,0,2012,0,1,0,564,363,3,4,AdultMum,AdultDad,10,4
1100,Male,0,2012,0,1,0,445,348,7,6,AdultMum,AdultDad,11,6
1101,Female,0,2012,8,9,1,546,371,4,3,AdultMum,AdultDad,10,3
1102,Male,0,2012,8,14,5,532,313,4,6,AdultMum,AdultDad,12,6
1103,Female,0,2012,8,10,2,528,271,4,9,AdultMum,AdultDad,8,9
1104,Female,0,2012,0,1,0,572,294,2,7,AdultMum,AdultDad,12,7
1105,Female,0,2012,0,1,0,533,378,4,7,AdultMum,AdultDad,12,9
1106,Male,0,2012,4,1,0,527,350,4,7,AdultMum,AdultDad,10,7
1107,Male,0,2012,1,1,0,549,317,3,6,AdultMum,AdultDad,9,9
1108,Female,0,2012,8,7,0,518,252,4,9,AdultMum,AdultDad,7,9
1109,Male,0,2012,0,1,0,559,376,3,3,AdultMum,AdultDad,5,7
1110,Female,0,2012,8,8,3,509,338,5,5,AdultMum,AdultDad,9,5
1111,Male,0,2012,3,5,1,517,313,4,6,AdultMum,AdultDad,10,6
1112,Male,0,2012,1,5,1,542,284,4,8,AdultMum,AdultDad,8,8
1113,Female,0,2012,6,6,2,424,341,9,5,AdultMum,AdultDad,11,5
1114,Female,0,2012,0,1,0,474,342,6,5,AdultMum,AdultDad,10,8
1115,Female,0,2012,0,1,0,553,389,3,5,AdultMum,AdultDad,13,5
1116,Female,0,2012,8,7,3,468,355,6,5,AdultMum,AdultDad,8,6
1117,Male,0,2012,0,3,0,453,252,7,9,AdultMum,AdultDad,9,9
1118,Male,0,2012,0,1,0,541,310,4,6,AdultMum,AdultDad,10,8
1119,Female,0,2012,0,1,0,570,310,3,6,AdultMum,AdultDad,7,8
1120,Male,0,2012,0,2,0,565,375,3,3,AdultMum,AdultDad,6,3
1121,Female,0,2012,0,2,0,563,407,3,4,AdultMum,AdultDad,8,8
1122,Male,0,2012,0,0,0,547,369,3,6,AdultMum,AdultDad,11,6
1123,Male,0,2012,0,0,0,562,351,3,7,AdultMum,AdultDad,7,7
1124,Male,0,2012,0,0,0,469,379,6,9,AdultMum,AdultDad,9,9
1125,Female,0,2012,8,10,3,405,353,9,6,AdultMum,AdultDad,15,6
1126,Male,0,2012,0,3,1,556,386,3,5,AdultMum,AdultDad,9,7
1127,Male,0,2012,6,61,19,536,365,4,4,AdultMum,AdultDad,12,7
1128,Female,0,2012,4,4,1,485,284,5,8,AdultMum,AdultDad,7,8
1129,Male,0,2012,0,0,0,499,339,5,5,AdultMum,AdultDad,9,5
1130,Female,0,2012,4,5,2,568,388,3,4,AdultMum,AdultDad,9,4
1131,Male,0,2012,1,2,1,504,318,5,6,AdultMum,AdultDad,11,6
1132,Female,0,2012,8,7,1,583,353,3,6,AdultMum,AdultDad,13,6
1133,Female,0,2012,0,1,0,449,261,7,9,AdultMum,AdultDad,11,9
1134,Female,0,2012,0,0,0,525,313,4,6,AdultMum,AdultDad,6,6
1135,Female,0,2012,8,10,2,492,376,5,3,AdultMum,AdultDad,9,7
1136,Male,0,2012,0,0,0,484,350,5,7,AdultMum,AdultDad,8,7
1137,Female,0,2012,0,1,0,543,313,4,6,AdultMum,AdultDad,6,6
1138,Female,0,2012,5,7,1,496,353,5,6,AdultMum,AdultDad,9,6
1139,Male,0,2012,0,2,0,566,389,3,5,AdultMum,AdultDad,13,5
1140,Female,0,2012,8,9,2,575,428,2,5,AdultMum,AdultDad,8,8
1141,Male,0,2012,0,0,0,457,257,7,9,AdultMum,AdultDad,9,11
1142,Male,0,2012,0,0,0,458,383,7,3,AdultMum,AdultDad,9,7
1143,Male,0,2012,0,1,1,571,369,3,6,AdultMum,AdultDad,5,6
1144,Male,0,2012,4,6,2,526,368,4,5,AdultMum,AdultDad,8,5
1145,Female,1,2012,6,8,0,534,252,4,9,AdultMum,AdultDad,10,9
1146,Male,1,2012,4,5,1,534,394,4,5,AdultMum,AdultDad,10,8
1147,Female,0,2012,0,0,0,578,342,2,5,AdultMum,AdultDad,10,8
1148,Female,0,2012,8,7,1,497,318,5,6,AdultMum,AdultDad,9,6
1149,Female,0,2012,2,2,0,537,376,4,3,AdultMum,AdultDad,8,7
1150,Male,0,2012,0,2,0,493,261,5,9,AdultMum,AdultDad,11,9
1151,Female,0,2012,8,11,0,416,257,9,9,AdultMum,AdultDad,11,11
1152,Female,0,2012,4,5,0,535,348,4,6,AdultMum,AdultDad,12,6
1153,Female,0,2012,0,1,0,489,257,5,9,AdultMum,AdultDad,13,11
1154,Male,1,2003,7,11,3,291,206,6,4,AdultMum,AdultDad,8,6
1155,Female,0,2012,6,4,1,512,337,6,5,AdultMum,AdultDad,10,5
1156,Female,0,2012,8,6,3,519,335,4,5,AdultMum,AdultDad,9,5
1157,Female,0,2012,6,0,0,450,340,7,5,AdultMum,AdultDad,10,5
1158,Male,0,2012,0,0,0,470,358,6,4,AdultMum,AdultDad,10,4
1159,Female,0,2012,4,4,2,574,261,2,9,AdultMum,AdultDad,8,9
1160,Female,0,2012,1,1,0,415,326,9,5,AdultMum,AdultDad,11,5
1161,Female,0,2012,0,0,0,555,318,3,6,AdultMum,AdultDad,13,6
1162,Male,0,2012,1,2,0,506,252,5,9,AdultMum,AdultDad,7,9
1163,Female,1,2012,0,1,0,576,344,2,5,AdultMum,AdultDad,5,7
1164,Male,0,2012,0,1,0,521,387,4,4,AdultMum,AdultDad,6,12
1165,Female,0,2011,3,3,2,477,350,5,6,AdultMum,AdultDad,6,7
1166,Male,0,2012,0,0,0,372,315,10,6,AdultMum,AdultDad,11,6
1167,Male,0,2013,7,24,6,505,257,6,10,AdultMum,AdultDad,9,11
1168,Female,0,2013,7,6,1,549,342,4,6,AdultMum,AdultDad,9,8
1169,Male,0,2013,7,8,1,525,373,5,4,AdultMum,AdultDad,6,6
1170,Female,0,2013,7,8,1,465,386,7,6,AdultMum,AdultDad,12,7
1171,Female,0,2013,5,5,3,517,365,5,5,AdultMum,AdultDad,10,7
1172,Female,0,2013,7,7,1,552,376,4,4,AdultMum,AdultDad,9,7
1173,Female,0,2013,3,3,0,589,342,2,6,AdultMum,AdultDad,3,8
1174,Male,0,2013,2,2,0,530,381,5,3,AdultMum,AdultDad,10,3
1175,Female,1,2013,0,0,0,492,342,6,6,AdultMum,AdultDad,9,8
1176,Female,0,2013,7,7,3,577,372,3,4,AdultMum,AdultDad,12,7
1177,Male,0,2013,7,25,10,565,330,4,6,AdultMum,AdultDad,6,7
1178,Male,0,2013,0,2,0,581,384,3,4,AdultMum,AdultDad,12,7
1179,Female,0,2013,7,7,2,603,427,2,3,AdultMum,AdultDad,5,7
1180,Female,0,2013,7,8,2,524,317,5,7,AdultMum,AdultDad,6,9
1181,Female,0,2013,7,8,2,561,257,4,10,AdultMum,AdultDad,7,11
1182,Female,0,2013,7,8,3,588,414,2,1,AdultMum,LambDad,7,2
1183,Male,0,2013,5,24,5,523,342,5,6,AdultMum,AdultDad,10,8
1184,Female,0,2013,7,9,2,537,359,5,5,AdultMum,AdultDad,8,7
1185,Female,0,2013,0,1,0,563,406,4,4,AdultMum,AdultDad,8,6
1186,Female,0,2013,7,9,1,585,336,3,6,AdultMum,AdultDad,6,8
1187,Male,0,2013,2,5,3,416,342,10,6,AdultMum,AdultDad,11,8
1188,Male,0,2013,7,23,7,547,342,4,6,AdultMum,AdultDad,11,8
1189,Male,0,2013,1,2,0,534,395,5,1,AdultMum,LambDad,10,6
1190,Male,0,2013,5,9,2,559,394,4,6,AdultMum,AdultDad,5,8
1191,Female,1,2013,7,7,1,583,397,4,1,AdultMum,LambDad,13,10
1192,Female,0,2013,7,6,2,532,372,5,4,AdultMum,AdultDad,12,7
1193,Male,0,2013,7,8,3,582,394,3,6,AdultMum,AdultDad,6,8
1194,Female,0,2013,7,8,1,490,257,6,10,AdultMum,AdultDad,9,11
1195,Male,0,2013,1,1,0,481,418,6,1,AdultMum,LambDad,10,6
1196,Female,0,2013,7,9,2,542,397,5,1,AdultMum,LambDad,8,10
1197,Female,0,2013,7,7,2,514,410,5,6,AdultMum,AdultDad,9,6
1198,Female,0,2013,7,7,1,519,380,5,6,AdultMum,AdultDad,9,7
1199,Female,0,2013,5,4,0,568,374,4,4,AdultMum,AdultDad,9,7
1200,Female,0,2013,7,8,0,468,342,7,6,AdultMum,AdultDad,8,8
1201,Female,0,2013,7,8,2,445,402,8,1,AdultMum,LambDad,11,6
1202,Female,0,2013,0,0,0,595,342,1,6,LambMum,AdultDad,2,8
1203,Female,0,2013,0,0,0,554,362,4,5,AdultMum,AdultDad,8,6
1204,Female,0,2012,1,2,0,340,360,12,4,AdultMum,AdultDad,13,7
1205,Male,1,2013,0,1,0,545,393,5,3,AdultMum,AdultDad,10,5
1206,Female,0,2013,7,11,3,483,336,6,6,AdultMum,AdultDad,8,8
1207,Male,0,2013,7,25,4,471,396,7,1,AdultMum,LambDad,10,4
1208,Female,1,2013,3,1,1,545,355,5,6,AdultMum,AdultDad,10,6
1209,Male,1,2012,4,0,0,576,408,2,4,AdultMum,AdultDad,5,8
1210,Male,0,2014,2,4,2,501,317,7,8,AdultMum,AdultDad,9,9
1211,Female,0,2014,6,7,2,592,422,2,6,AdultMum,AdultDad,4,6
1212,Female,1,2014,6,8,2,476,342,8,7,AdultMum,AdultDad,10,8
1213,Male,1,2014,1,0,0,476,342,8,7,AdultMum,AdultDad,10,8
1214,Female,0,2014,2,2,0,600,374,2,5,AdultMum,AdultDad,6,7
1215,Female,0,2014,6,7,1,558,397,5,2,AdultMum,AdultDad,9,10
1216,Female,1,2014,0,2,0,564,359,5,6,AdultMum,AdultDad,10,7
1217,Male,0,2014,6,13,2,550,392,5,3,AdultMum,AdultDad,10,10
1218,Female,0,2014,6,6,1,586,343,3,7,AdultMum,AdultDad,11,8
1219,Male,0,2014,2,2,0,466,392,8,3,AdultMum,AdultDad,11,10
1220,Female,0,2014,0,1,0,594,406,2,5,AdultMum,AdultDad,10,6
1221,Female,0,2014,0,0,0,538,310,6,8,AdultMum,AdultDad,10,8
1222,Female,0,2014,6,6,2,587,376,3,5,AdultMum,AdultDad,11,7
1223,Female,0,2014,2,2,0,548,397,5,2,AdultMum,AdultDad,9,10
1224,Male,0,2014,3,1,0,552,392,5,3,AdultMum,AdultDad,9,10
1225,Female,0,2014,0,1,0,531,417,6,2,AdultMum,AdultDad,10,2
1226,Female,0,2014,6,11,0,591,413,3,1,AdultMum,LambDad,11,4
1227,Male,0,2014,3,6,1,573,409,4,6,AdultMum,AdultDad,7,9
1228,Female,0,2014,6,6,2,498,399,7,2,AdultMum,AdultDad,15,2
1229,Male,0,2014,0,0,0,556,398,5,2,AdultMum,AdultDad,9,3
1230,Female,0,2014,6,7,0,541,419,6,3,AdultMum,AdultDad,10,3
1231,Female,0,2014,0,0,0,533,342,6,7,AdultMum,AdultDad,12,8
1232,Female,0,2014,2,3,0,522,374,6,5,AdultMum,AdultDad,9,7
1233,Female,0,2014,6,6,1,551,385,5,6,AdultMum,AdultDad,11,6
1234,Male,0,2014,0,0,0,523,327,6,7,AdultMum,AdultDad,10,7
1235,Female,0,2014,6,7,1,546,374,6,5,AdultMum,AdultDad,10,7
1236,Male,0,2014,4,3,0,514,416,6,2,AdultMum,AdultDad,9,9
1237,Female,0,2014,6,5,0,484,425,7,3,AdultMum,AdultDad,8,4
1238,Female,0,2014,6,8,1,510,328,7,7,AdultMum,AdultDad,9,8
1239,Female,0,2014,2,3,0,563,412,5,1,AdultMum,LambDad,8,1
1240,Female,0,2014,6,5,3,569,373,5,5,AdultMum,AdultDad,9,6
1241,Female,0,2014,2,1,0,507,372,7,5,AdultMum,AdultDad,9,7
1242,Male,0,2014,6,4,1,580,420,4,3,AdultMum,AdultDad,12,3
1243,Male,0,2014,0,0,0,602,376,2,5,AdultMum,AdultDad,6,7
1244,Female,0,2014,0,1,0,570,415,5,2,AdultMum,AdultDad,7,2
1245,Female,1,2014,2,3,0,590,429,3,4,AdultMum,AdultDad,9,11
1246,Male,0,2014,6,5,2,532,429,6,4,AdultMum,AdultDad,12,11
1247,Female,0,2014,6,6,0,579,342,4,7,AdultMum,AdultDad,7,8
1248,Female,0,2014,0,1,0,577,342,4,7,AdultMum,AdultDad,12,8
1249,Male,0,2014,2,3,1,568,342,5,7,AdultMum,AdultDad,9,8
1250,Female,0,2014,0,0,0,576,401,4,2,AdultMum,AdultDad,5,3
1251,Male,0,2013,7,3,0,504,342,6,6,AdultMum,AdultDad,11,8
1252,Male,0,2013,7,2,0,544,364,5,5,AdultMum,AdultDad,10,12
1253,Female,0,2015,5,6,0,560,411,6,2,AdultMum,AdultDad,11,9
1254,Female,0,2015,0,0,0,500,376,8,6,AdultMum,AdultDad,11,7
1255,Female,0,2015,5,5,1,573,374,5,6,AdultMum,AdultDad,7,7
1256,Female,0,2015,5,7,2,516,372,7,6,AdultMum,AdultDad,12,7
1257,Male,0,2015,5,2,0,556,416,6,3,AdultMum,AdultDad,9,9
1258,Female,0,2015,5,2,0,601,317,3,9,AdultMum,AdultDad,10,9
1259,Male,0,2015,3,0,0,606,395,2,3,AdultMum,AdultDad,9,6
1260,Female,0,2015,5,4,0,586,428,4,8,AdultMum,AdultDad,11,8
1261,Male,0,2015,0,0,0,501,393,8,5,AdultMum,AdultDad,9,5
1262,Female,0,2015,5,5,1,574,376,5,6,AdultMum,AdultDad,8,7
1263,Female,0,2015,5,1,0,593,426,3,4,AdultMum,AdultDad,6,7
1264,Female,0,2015,3,3,1,596,395,3,3,AdultMum,AdultDad,10,6
1265,Female,0,2015,5,6,0,577,374,5,6,AdultMum,AdultDad,12,7
1266,Female,0,2015,5,5,2,597,317,3,9,AdultMum,AdultDad,8,9
1267,Male,0,2015,5,2,0,529,374,7,6,AdultMum,AdultDad,10,7
1268,Male,0,2015,1,0,0,531,404,7,4,AdultMum,AdultDad,10,7
1269,Female,0,2015,5,4,1,504,428,8,8,AdultMum,AdultDad,11,8
1270,Female,0,2015,5,5,2,603,405,4,5,AdultMum,AdultDad,5,5
1271,Male,0,2015,5,6,0,553,342,6,8,AdultMum,AdultDad,13,8
1272,Female,0,2015,0,2,0,569,343,6,8,AdultMum,AdultDad,9,8
1273,Female,0,2015,3,3,0,474,342,9,8,AdultMum,AdultDad,10,8
1274,Male,0,2015,0,0,0,481,317,8,9,AdultMum,AdultDad,10,9
1275,Male,0,2015,0,0,0,607,423,2,1,AdultMum,LambDad,9,1
1276,Female,1,2015,5,1,0,555,376,6,6,AdultMum,AdultDad,13,7
1277,Male,0,2015,0,0,0,604,329,2,8,AdultMum,AdultDad,7,8
1278,Female,0,2015,5,6,2,580,400,5,3,AdultMum,AdultDad,12,8
1279,Female,0,2015,5,6,1,519,424,7,2,AdultMum,AdultDad,9,9
1280,Female,0,2015,3,3,0,584,366,6,7,AdultMum,AdultDad,9,8
1281,Female,0,2015,4,5,0,598,382,3,5,AdultMum,AdultDad,10,11
1282,Female,0,2015,5,7,2,599,376,3,6,AdultMum,AdultDad,10,7
1283,Female,0,2015,5,5,1,605,384,2,6,AdultMum,AdultDad,9,7
1284,Male,0,2013,2,4,1,442,342,8,6,AdultMum,AdultDad,9,8
1285,Female,0,2012,8,9,1,520,252,4,9,AdultMum,AdultDad,9,9
1286,Female,1,2012,0,1,0,404,313,9,6,AdultMum,AdultDad,13,6
